Date ,Open ,Close 
01-Jan-19,"10,881.70","10,910.10"
02-Jan-19,"10,868.85","10,792.50"
03-Jan-19,"10,796.80","10,672.25"
04-Jan-19,"10,699.70","10,727.35"
07-Jan-19,"10,804.85","10,771.80"
08-Jan-19,"10,786.25","10,802.15"
09-Jan-19,"10,862.40","10,855.15"
10-Jan-19,"10,859.35","10,821.60"
11-Jan-19,"10,834.75","10,794.95"
14-Jan-19,"10,807.00","10,737.60"
15-Jan-19,"10,777.55","10,886.80"
16-Jan-19,"10,899.65","10,890.30"
17-Jan-19,"10,920.85","10,905.20"
18-Jan-19,"10,914.85","10,906.95"
21-Jan-19,"10,919.35","10,961.85"
22-Jan-19,"10,949.80","10,922.75"
23-Jan-19,"10,931.05","10,831.50"
24-Jan-19,"10,844.05","10,849.80"
25-Jan-19,"10,859.75","10,780.55"
28-Jan-19,"10,792.45","10,661.55"
29-Jan-19,"10,653.70","10,652.20"
30-Jan-19,"10,702.25","10,651.80"
31-Jan-19,"10,690.55","10,830.95"
01-Feb-19,"10,851.35","10,893.65"
04-Feb-19,"10,876.75","10,912.25"
05-Feb-19,"10,908.65","10,934.35"
06-Feb-19,"10,965.10","11,062.45"
07-Feb-19,"11,070.45","11,069.40"
08-Feb-19,"11,023.50","10,943.60"
11-Feb-19,"10,930.90","10,888.80"
12-Feb-19,"10,879.70","10,831.40"
13-Feb-19,"10,870.55","10,793.65"
14-Feb-19,"10,786.10","10,746.05"
15-Feb-19,"10,780.25","10,724.40"
18-Feb-19,"10,738.65","10,640.95"
19-Feb-19,"10,636.70","10,604.35"
20-Feb-19,"10,655.45","10,735.45"
21-Feb-19,"10,744.10","10,789.85"
22-Feb-19,"10,782.70","10,791.65"
25-Feb-19,"10,813.25","10,880.10"
26-Feb-19,"10,775.30","10,835.30"
27-Feb-19,"10,881.20","10,806.65"
28-Feb-19,"10,865.70","10,792.50"
01-Mar-19,"10,842.65","10,863.50"
05-Mar-19,"10,864.85","10,987.45"
06-Mar-19,"11,024.85","11,053.00"
07-Mar-19,"11,077.95","11,058.20"
08-Mar-19,"11,038.85","11,035.40"
11-Mar-19,"11,068.75","11,168.05"
12-Mar-19,"11,231.35","11,301.20"
13-Mar-19,"11,326.20","11,341.70"
14-Mar-19,"11,382.50","11,343.25"
15-Mar-19,"11,376.85","11,426.85"
18-Mar-19,"11,473.85","11,462.20"
19-Mar-19,"11,500.30","11,532.40"
20-Mar-19,"11,553.35","11,521.05"
22-Mar-19,"11,549.20","11,456.90"
25-Mar-19,"11,395.65","11,354.25"
26-Mar-19,"11,375.20","11,483.25"
27-Mar-19,"11,531.45","11,445.05"
28-Mar-19,"11,463.65","11,570.00"
29-Mar-19,"11,625.45","11,623.90"
01-Apr-19,"11,665.20","11,669.15"
02-Apr-19,"11,711.55","11,713.20"
03-Apr-19,"11,735.30","11,643.95"
04-Apr-19,"11,660.20","11,598.00"
05-Apr-19,"11,638.40","11,665.95"
08-Apr-19,"11,704.35","11,604.50"
09-Apr-19,"11,612.05","11,671.95"
10-Apr-19,"11,646.85","11,584.30"
11-Apr-19,"11,592.55","11,596.70"
12-Apr-19,"11,612.85","11,643.45"
15-Apr-19,"11,667.00","11,690.35"
16-Apr-19,"11,736.20","11,787.15"
18-Apr-19,"11,856.15","11,752.80"
22-Apr-19,"11,727.05","11,594.45"
23-Apr-19,"11,612.95","11,575.95"
24-Apr-19,"11,601.50","11,726.15"
25-Apr-19,"11,735.70","11,641.80"
26-Apr-19,"11,683.75","11,754.65"
30-Apr-19,"11,748.75","11,748.15"
02-May-19,"11,725.55","11,724.75"
03-May-19,"11,722.60","11,712.25"
06-May-19,"11,605.80","11,598.25"
07-May-19,"11,651.50","11,497.90"
08-May-19,"11,478.70","11,359.45"
09-May-19,"11,322.40","11,301.80"
10-May-19,"11,314.15","11,278.90"
13-May-19,"11,258.70","11,148.20"
14-May-19,"11,151.65","11,222.05"
15-May-19,"11,271.70","11,157.00"
16-May-19,"11,180.35","11,257.10"
17-May-19,"11,261.90","11,407.15"
20-May-19,"11,651.90","11,828.25"
21-May-19,"11,863.65","11,709.10"
22-May-19,"11,727.95","11,737.90"
23-May-19,"11,901.30","11,657.05"
24-May-19,"11,748.00","11,844.10"
27-May-19,"11,855.50","11,924.75"
28-May-19,"11,958.35","11,928.75"
29-May-19,"11,905.80","11,861.10"
30-May-19,"11,865.30","11,945.90"
31-May-19,"11,999.80","11,922.80"
03-Jun-19,"11,953.75","12,088.55"
04-Jun-19,"12,052.65","12,021.65"
06-Jun-19,"12,039.80","11,843.75"
07-Jun-19,"11,865.20","11,870.65"
10-Jun-19,"11,934.90","11,922.70"
11-Jun-19,"11,959.85","11,965.60"
12-Jun-19,"11,962.45","11,906.20"
13-Jun-19,"11,873.90","11,914.05"
14-Jun-19,"11,910.10","11,823.30"
17-Jun-19,"11,844.00","11,672.15"
18-Jun-19,"11,677.05","11,691.50"
19-Jun-19,"11,744.45","11,691.45"
20-Jun-19,"11,653.65","11,831.75"
21-Jun-19,"11,827.60","11,724.10"
24-Jun-19,"11,725.80","11,699.65"
25-Jun-19,"11,681.00","11,796.45"
26-Jun-19,"11,768.15","11,847.55"
27-Jun-19,"11,860.85","11,841.55"
28-Jun-19,"11,861.15","11,788.85"
01-Jul-19,"11,839.90","11,865.60"
02-Jul-19,"11,890.30","11,910.30"
03-Jul-19,"11,932.15","11,916.75"
04-Jul-19,"11,928.80","11,946.75"
05-Jul-19,"11,964.75","11,811.15"
08-Jul-19,"11,770.40","11,558.60"
09-Jul-19,"11,531.60","11,555.90"
10-Jul-19,"11,536.15","11,498.90"
11-Jul-19,"11,561.45","11,582.90"
12-Jul-19,"11,601.15","11,552.50"
15-Jul-19,"11,614.75","11,588.35"
16-Jul-19,"11,596.65","11,662.60"
17-Jul-19,"11,670.75","11,687.50"
18-Jul-19,"11,675.60","11,596.90"
19-Jul-19,"11,627.95","11,419.25"
22-Jul-19,"11,392.85","11,346.20"
23-Jul-19,"11,372.25","11,331.05"
24-Jul-19,"11,322.45","11,271.30"
25-Jul-19,"11,290.40","11,252.15"
26-Jul-19,"11,247.45","11,284.30"
29-Jul-19,"11,307.50","11,189.20"
30-Jul-19,"11,213.70","11,085.40"
31-Jul-19,"11,034.05","11,118.00"
01-Aug-19,"11,060.20","10,980.00"
02-Aug-19,"10,930.30","10,997.35"
05-Aug-19,"10,895.80","10,862.60"
06-Aug-19,"10,815.40","10,948.25"
07-Aug-19,"10,958.10","10,855.50"
08-Aug-19,"10,899.20","11,032.45"
09-Aug-19,"11,087.90","11,109.65"
13-Aug-19,"11,139.40","10,925.85"
14-Aug-19,"11,003.25","11,029.40"
16-Aug-19,"11,043.65","11,047.80"
19-Aug-19,"11,094.80","11,053.90"
20-Aug-19,"11,063.90","11,017.00"
21-Aug-19,"11,018.15","10,918.70"
22-Aug-19,"10,905.30","10,741.35"
23-Aug-19,"10,699.60","10,829.35"
26-Aug-19,"11,000.30","11,057.85"
27-Aug-19,"11,106.55","11,105.35"
28-Aug-19,"11,101.30","11,046.10"
29-Aug-19,"10,996.05","10,948.30"
30-Aug-19,"10,987.80","11,023.25"
03-Sep-19,"10,960.95","10,797.90"
04-Sep-19,"10,790.40","10,844.65"
05-Sep-19,"10,860.95","10,847.90"
06-Sep-19,"10,883.80","10,946.20"
09-Sep-19,"10,936.70","11,003.05"
11-Sep-19,"11,028.50","11,035.70"
12-Sep-19,"11,058.30","10,982.80"
13-Sep-19,"10,986.80","11,075.90"
16-Sep-19,"10,994.85","11,003.50"
17-Sep-19,"11,000.10","10,817.60"
18-Sep-19,"10,872.80","10,840.65"
19-Sep-19,"10,845.20","10,704.80"
20-Sep-19,"10,746.80","11,274.20"
23-Sep-19,"11,542.70","11,600.20"
24-Sep-19,"11,590.70","11,588.20"
25-Sep-19,"11,564.85","11,440.20"
26-Sep-19,"11,469.85","11,571.20"
27-Sep-19,"11,556.35","11,512.40"
30-Sep-19,"11,491.15","11,474.45"
01-Oct-19,"11,515.40","11,359.90"
03-Oct-19,"11,322.25","11,314.00"
04-Oct-19,"11,388.45","11,174.75"
07-Oct-19,"11,196.20","11,126.40"
09-Oct-19,"11,152.95","11,313.30"
10-Oct-19,"11,280.50","11,234.55"
11-Oct-19,"11,257.70","11,305.05"
14-Oct-19,"11,335.90","11,341.15"
15-Oct-19,"11,360.85","11,428.30"
16-Oct-19,"11,464.95","11,464.00"
17-Oct-19,"11,466.30","11,586.35"
18-Oct-19,"11,580.30","11,661.85"
22-Oct-19,"11,657.15","11,588.35"
23-Oct-19,"11,596.20","11,604.10"
24-Oct-19,"11,661.65","11,582.60"
25-Oct-19,"11,646.15","11,583.90"
27-Oct-19,"11,662.25","11,627.15"
29-Oct-19,"11,643.95","11,786.85"
30-Oct-19,"11,883.90","11,844.10"
31-Oct-19,"11,890.45","11,877.45"
01-Nov-19,"11,886.60","11,890.60"
04-Nov-19,"11,928.90","11,941.30"
05-Nov-19,"11,974.60","11,917.20"
06-Nov-19,"11,911.50","11,966.05"
07-Nov-19,"12,021.10","12,012.05"
08-Nov-19,"11,987.15","11,908.15"
11-Nov-19,"11,879.20","11,913.45"
13-Nov-19,"11,908.30","11,840.45"
14-Nov-19,"11,858.75","11,872.10"
15-Nov-19,"11,904.20","11,895.45"
18-Nov-19,"11,915.15","11,884.50"
19-Nov-19,"11,919.45","11,940.10"
20-Nov-19,"12,004.75","11,999.10"
21-Nov-19,"12,025.65","11,968.40"
22-Nov-19,"11,967.30","11,914.40"
25-Nov-19,"11,922.45","12,073.75"
26-Nov-19,"12,110.20","12,037.70"
27-Nov-19,"12,068.50","12,100.70"
28-Nov-19,"12,132.10","12,151.15"
29-Nov-19,"12,146.20","12,056.05"
02-Dec-19,"12,137.05","12,048.20"
03-Dec-19,"12,067.65","11,994.20"
04-Dec-19,"11,969.95","12,043.20"
05-Dec-19,"12,071.25","12,018.40"
06-Dec-19,"12,047.35","11,921.50"
09-Dec-19,"11,939.10","11,937.50"
10-Dec-19,"11,950.50","11,856.80"
11-Dec-19,"11,867.35","11,910.15"
12-Dec-19,"11,944.30","11,971.80"
13-Dec-19,"12,026.40","12,086.70"
16-Dec-19,"12,131.35","12,053.95"
17-Dec-19,"12,082.45","12,165.00"
18-Dec-19,"12,197.00","12,221.65"
19-Dec-19,"12,223.40","12,259.70"
20-Dec-19,"12,266.45","12,271.80"
23-Dec-19,"12,235.45","12,262.75"
24-Dec-19,"12,269.25","12,214.55"
26-Dec-19,"12,211.85","12,126.55"
27-Dec-19,"12,172.90","12,245.80"
30-Dec-19,"12,274.90","12,255.85"
31-Dec-19,"12,247.10","12,168.45"
01-Jan-20,"12,202.15","12,182.50"
02-Jan-20,"12,198.55","12,282.20"
03-Jan-20,"12,261.10","12,226.65"
06-Jan-20,"12,170.60","11,993.05"
07-Jan-20,"12,079.10","12,052.95"
08-Jan-20,"11,939.10","12,025.35"
09-Jan-20,"12,153.15","12,215.90"
10-Jan-20,"12,271.00","12,256.80"
13-Jan-20,"12,296.70","12,329.55"
14-Jan-20,"12,333.10","12,362.30"
15-Jan-20,"12,349.40","12,343.30"
16-Jan-20,"12,347.10","12,355.50"
17-Jan-20,"12,328.40","12,352.35"
20-Jan-20,"12,430.50","12,224.55"
21-Jan-20,"12,195.30","12,169.85"
22-Jan-20,"12,218.35","12,106.90"
23-Jan-20,"12,123.75","12,180.35"
24-Jan-20,"12,174.55","12,248.25"
27-Jan-20,"12,197.10","12,119.00"
28-Jan-20,"12,148.10","12,055.80"
29-Jan-20,"12,114.90","12,129.50"
30-Jan-20,"12,147.75","12,035.80"
31-Jan-20,"12,100.40","11,962.10"
01-Feb-20,"11,939.00","11,661.85"
03-Feb-20,"11,627.45","11,707.90"
04-Feb-20,"11,786.25","11,979.65"
05-Feb-20,"12,005.85","12,089.15"
06-Feb-20,"12,120.00","12,137.95"
07-Feb-20,"12,151.15","12,098.35"
10-Feb-20,"12,102.35","12,031.50"
11-Feb-20,"12,108.40","12,107.90"
12-Feb-20,"12,151.00","12,201.20"
13-Feb-20,"12,219.55","12,174.65"
14-Feb-20,"12,190.15","12,113.45"
17-Feb-20,"12,131.80","12,045.80"
18-Feb-20,"12,028.25","11,992.50"
19-Feb-20,"12,090.60","12,125.90"
20-Feb-20,"12,119.00","12,080.85"
24-Feb-20,"12,012.55","11,829.40"
25-Feb-20,"11,877.50","11,797.90"
26-Feb-20,"11,738.55","11,678.50"
27-Feb-20,"11,661.25","11,633.30"
28-Feb-20,"11,382.00","11,201.75"
02-Mar-20,"11,387.35","11,132.75"
03-Mar-20,"11,217.55","11,303.30"
04-Mar-20,"11,351.35","11,251.00"
05-Mar-20,"11,306.05","11,269.00"
06-Mar-20,"10,942.65","10,989.45"
09-Mar-20,"10,742.05","10,451.45"
11-Mar-20,"10,334.30","10,458.40"
12-Mar-20,"10,039.95","9,590.15"
13-Mar-20,"9,107.60","9,955.20"
16-Mar-20,"9,587.80","9,197.40"
17-Mar-20,"9,285.40","8,967.05"
18-Mar-20,"9,088.45","8,468.80"
19-Mar-20,"8,063.30","8,263.45"
20-Mar-20,"8,284.45","8,745.45"
23-Mar-20,"7,945.70","7,610.25"
24-Mar-20,"7,848.30","7,801.05"
25-Mar-20,"7,735.15","8,317.85"
26-Mar-20,"8,451.00","8,641.45"
27-Mar-20,"8,949.10","8,660.25"
30-Mar-20,"8,385.95","8,281.10"
31-Mar-20,"8,529.35","8,597.75"
01-Apr-20,"8,584.10","8,253.80"
03-Apr-20,"8,356.55","8,083.80"
07-Apr-20,"8,446.30","8,792.20"
08-Apr-20,"8,688.90","8,748.75"
09-Apr-20,"8,973.05","9,111.90"
13-Apr-20,"9,103.95","8,993.85"
15-Apr-20,"9,196.40","8,925.30"
16-Apr-20,"8,851.25","8,992.80"
17-Apr-20,"9,323.45","9,266.75"
20-Apr-20,"9,390.20","9,261.85"
21-Apr-20,"9,016.95","8,981.45"
22-Apr-20,"9,026.75","9,187.30"
23-Apr-20,"9,232.35","9,313.90"
24-Apr-20,"9,163.90","9,154.40"
27-Apr-20,"9,259.70","9,282.30"
28-Apr-20,"9,389.80","9,380.90"
29-Apr-20,"9,408.60","9,553.35"
30-Apr-20,"9,753.50","9,859.90"
04-May-20,"9,533.50","9,293.50"
05-May-20,"9,429.40","9,205.60"
06-May-20,"9,226.80","9,270.90"
07-May-20,"9,234.05","9,199.05"
08-May-20,"9,376.95","9,251.50"
11-May-20,"9,348.15","9,239.20"
12-May-20,"9,168.85","9,196.55"
13-May-20,"9,584.20","9,383.55"
14-May-20,"9,213.95","9,142.75"
15-May-20,"9,182.40","9,136.85"
18-May-20,"9,158.30","8,823.25"
19-May-20,"8,961.70","8,879.10"
20-May-20,"8,889.15","9,066.55"
21-May-20,"9,079.45","9,106.25"
22-May-20,"9,067.90","9,039.25"
26-May-20,"9,099.75","9,029.05"
27-May-20,"9,082.20","9,314.95"
28-May-20,"9,364.95","9,490.10"
29-May-20,"9,422.20","9,580.30"
01-Jun-20,"9,726.85","9,826.15"
02-Jun-20,"9,880.85","9,979.10"
03-Jun-20,"10,108.30","10,061.55"
04-Jun-20,"10,054.25","10,029.10"
05-Jun-20,"10,093.80","10,142.15"
08-Jun-20,"10,326.75","10,167.45"
09-Jun-20,"10,181.15","10,046.65"
10-Jun-20,"10,072.60","10,116.15"
11-Jun-20,"10,094.10","9,902.00"
12-Jun-20,"9,544.95","9,972.90"
15-Jun-20,"9,919.35","9,813.70"
16-Jun-20,"10,014.80","9,914.00"
17-Jun-20,"9,876.70","9,881.15"
18-Jun-20,"9,863.25","10,091.65"
19-Jun-20,"10,119.00","10,244.40"
22-Jun-20,"10,318.75","10,311.20"
23-Jun-20,"10,347.95","10,471.00"
24-Jun-20,"10,529.25","10,305.30"
25-Jun-20,"10,235.55","10,288.90"
26-Jun-20,"10,378.90","10,383.00"
29-Jun-20,"10,311.95","10,312.40"
30-Jun-20,"10,382.60","10,302.10"
01-Jul-20,"10,323.80","10,430.05"
02-Jul-20,"10,493.05","10,551.70"
03-Jul-20,"10,614.95","10,607.35"
06-Jul-20,"10,723.85","10,763.65"
07-Jul-20,"10,802.85","10,799.65"
08-Jul-20,"10,818.65","10,705.75"
09-Jul-20,"10,755.55","10,813.45"
10-Jul-20,"10,764.10","10,768.05"
13-Jul-20,"10,851.85","10,802.70"
14-Jul-20,"10,750.85","10,607.35"
15-Jul-20,"10,701.00","10,618.20"
16-Jul-20,"10,706.20","10,739.95"
17-Jul-20,"10,752.00","10,901.70"
20-Jul-20,"10,999.45","11,022.20"
21-Jul-20,"11,126.10","11,162.25"
22-Jul-20,"11,231.20","11,132.60"
23-Jul-20,"11,135.00","11,215.45"
24-Jul-20,"11,149.95","11,194.15"
27-Jul-20,"11,225.00","11,131.80"
28-Jul-20,"11,154.10","11,300.55"
29-Jul-20,"11,276.90","11,202.85"
30-Jul-20,"11,254.30","11,102.15"
31-Jul-20,"11,139.50","11,073.45"
03-Aug-20,"11,057.55","10,891.60"
04-Aug-20,"10,946.65","11,095.25"
05-Aug-20,"11,155.75","11,101.65"
06-Aug-20,"11,185.70","11,200.15"
07-Aug-20,"11,186.65","11,214.05"
10-Aug-20,"11,270.25","11,270.15"
11-Aug-20,"11,322.25","11,322.50"
12-Aug-20,"11,289.00","11,308.40"
13-Aug-20,"11,334.85","11,300.45"
14-Aug-20,"11,353.30","11,178.40"
17-Aug-20,"11,248.90","11,247.10"
18-Aug-20,"11,259.80","11,385.35"
19-Aug-20,"11,452.15","11,408.40"
20-Aug-20,"11,317.45","11,312.20"
21-Aug-20,"11,409.65","11,371.60"
24-Aug-20,"11,412.00","11,466.45"
25-Aug-20,"11,513.10","11,472.25"
26-Aug-20,"11,512.85","11,549.60"
27-Aug-20,"11,609.30","11,559.25"
28-Aug-20,"11,602.95","11,647.60"
31-Aug-20,"11,777.55","11,387.50"
01-Sep-20,"11,464.30","11,470.25"
02-Sep-20,"11,478.55","11,535.00"
03-Sep-20,"11,566.20","11,527.45"
04-Sep-20,"11,354.40","11,333.85"
07-Sep-20,"11,359.60","11,355.05"
08-Sep-20,"11,378.55","11,317.35"
09-Sep-20,"11,218.60","11,278.00"
10-Sep-20,"11,363.30","11,449.25"
11-Sep-20,"11,447.80","11,464.45"
14-Sep-20,"11,540.15","11,440.05"
15-Sep-20,"11,487.20","11,521.80"
16-Sep-20,"11,538.45","11,604.55"
17-Sep-20,"11,539.40","11,516.10"
18-Sep-20,"11,584.10","11,504.95"
21-Sep-20,"11,503.80","11,250.55"
22-Sep-20,"11,301.75","11,153.65"
23-Sep-20,"11,258.75","11,131.85"
24-Sep-20,"11,011.00","10,805.55"
25-Sep-20,"10,910.40","11,050.25"
28-Sep-20,"11,140.85","11,227.55"
29-Sep-20,"11,288.60","11,222.40"
30-Sep-20,"11,244.45","11,247.55"
01-Oct-20,"11,364.45","11,416.95"
05-Oct-20,"11,487.80","11,503.35"
06-Oct-20,"11,603.45","11,662.40"
07-Oct-20,"11,679.25","11,738.85"
08-Oct-20,"11,835.40","11,834.60"
09-Oct-20,"11,852.05","11,914.20"
12-Oct-20,"11,973.55","11,930.95"
13-Oct-20,"11,934.65","11,934.50"
14-Oct-20,"11,917.40","11,971.05"
15-Oct-20,"12,023.45","11,680.35"
16-Oct-20,"11,727.40","11,762.45"
19-Oct-20,"11,879.20","11,873.05"
20-Oct-20,"11,861.00","11,896.80"
21-Oct-20,"11,958.55","11,937.65"
22-Oct-20,"11,890.00","11,896.45"
23-Oct-20,"11,957.90","11,930.35"
26-Oct-20,"11,937.40","11,767.75"
27-Oct-20,"11,807.10","11,889.40"
28-Oct-20,"11,922.60","11,729.60"
29-Oct-20,"11,633.30","11,670.80"
30-Oct-20,"11,678.45","11,642.40"
02-Nov-20,"11,697.35","11,669.15"
03-Nov-20,"11,734.45","11,813.50"
04-Nov-20,"11,783.35","11,908.50"
05-Nov-20,"12,062.40","12,120.30"
06-Nov-20,"12,156.65","12,263.55"
09-Nov-20,"12,399.40","12,461.05"
10-Nov-20,"12,556.40","12,631.10"
11-Nov-20,"12,680.60","12,749.15"
12-Nov-20,"12,702.15","12,690.80"
13-Nov-20,"12,659.70","12,719.95"
14-Nov-20,"12,823.35","12,780.25"
17-Nov-20,"12,932.50","12,874.20"
18-Nov-20,"12,860.10","12,938.25"
19-Nov-20,"12,839.50","12,771.70"
20-Nov-20,"12,813.40","12,859.05"
23-Nov-20,"12,960.30","12,926.45"
24-Nov-20,"13,002.60","13,055.15"
25-Nov-20,"13,130.00","12,858.40"
26-Nov-20,"12,906.45","12,987.00"
27-Nov-20,"13,012.05","12,968.95"
01-Dec-20,"13,062.20","13,109.05"
02-Dec-20,"13,121.40","13,113.75"
03-Dec-20,"13,215.30","13,133.90"
04-Dec-20,"13,177.40","13,258.55"
07-Dec-20,"13,264.85","13,355.75"
08-Dec-20,"13,393.85","13,392.95"
09-Dec-20,"13,458.10","13,529.10"
10-Dec-20,"13,488.50","13,478.30"
11-Dec-20,"13,512.30","13,513.85"
14-Dec-20,"13,571.45","13,558.15"
15-Dec-20,"13,547.20","13,567.85"
16-Dec-20,"13,663.10","13,682.70"
17-Dec-20,"13,713.55","13,740.70"
18-Dec-20,"13,764.40","13,760.55"
21-Dec-20,"13,741.90","13,328.40"
22-Dec-20,"13,373.65","13,466.30"
23-Dec-20,"13,473.50","13,601.10"
24-Dec-20,"13,672.15","13,749.25"
28-Dec-20,"13,815.15","13,873.20"
29-Dec-20,"13,910.35","13,932.60"
30-Dec-20,"13,980.90","13,981.95"
31-Dec-20,"13,970.00","13,981.75"
01-Jan-21,"13,996.10","14,018.50"
04-Jan-21,"14,104.35","14,132.90"
05-Jan-21,"14,075.15","14,199.50"
06-Jan-21,"14,240.95","14,146.25"
07-Jan-21,"14,253.75","14,137.35"
08-Jan-21,"14,258.40","14,347.25"
11-Jan-21,"14,474.05","14,484.75"
12-Jan-21,"14,473.80","14,563.45"
13-Jan-21,"14,639.80","14,564.85"
14-Jan-21,"14,550.05","14,595.60"
15-Jan-21,"14,594.35","14,433.70"
18-Jan-21,"14,453.30","14,281.30"
19-Jan-21,"14,371.65","14,521.15"
20-Jan-21,"14,538.30","14,644.70"
21-Jan-21,"14,730.95","14,590.35"
22-Jan-21,"14,583.40","14,371.90"
25-Jan-21,"14,477.80","14,238.90"
27-Jan-21,"14,237.95","13,967.50"
28-Jan-21,"13,810.40","13,817.55"
29-Jan-21,"13,946.60","13,634.60"
01-Feb-21,"13,758.60","14,281.20"
02-Feb-21,"14,481.10","14,647.85"
03-Feb-21,"14,754.90","14,789.95"
04-Feb-21,"14,789.05","14,895.65"
05-Feb-21,"14,952.60","14,924.25"
08-Feb-21,"15,064.30","15,115.80"
09-Feb-21,"15,164.15","15,109.30"
10-Feb-21,"15,119.05","15,106.50"
11-Feb-21,"15,073.25","15,173.30"
12-Feb-21,"15,186.20","15,163.30"
15-Feb-21,"15,270.30","15,314.70"
16-Feb-21,"15,371.45","15,313.45"
17-Feb-21,"15,279.90","15,208.90"
18-Feb-21,"15,238.70","15,118.95"
19-Feb-21,"15,074.80","14,981.75"
22-Feb-21,"14,999.05","14,675.70"
23-Feb-21,"14,782.25","14,707.80"
24-Feb-21,"14,729.15","14,982.00"
25-Feb-21,"15,079.85","15,097.35"
26-Feb-21,"14,888.60","14,529.15"
01-Mar-21,"14,702.50","14,761.55"
02-Mar-21,"14,865.30","14,919.10"
03-Mar-21,"15,064.40","15,245.60"
04-Mar-21,"15,026.75","15,080.75"
05-Mar-21,"14,977.95","14,938.10"
08-Mar-21,"15,002.45","14,956.20"
09-Mar-21,"15,049.90","15,098.40"
10-Mar-21,"15,202.15","15,174.80"
12-Mar-21,"15,321.15","15,030.95"
15-Mar-21,"15,048.40","14,929.50"
16-Mar-21,"14,996.10","14,910.45"
17-Mar-21,"14,946.55","14,721.30"
18-Mar-21,"14,855.50","14,557.85"
19-Mar-21,"14,471.15","14,744.00"
22-Mar-21,"14,736.30","14,736.40"
23-Mar-21,"14,768.55","14,814.75"
24-Mar-21,"14,712.45","14,549.40"
25-Mar-21,"14,570.90","14,324.90"
26-Mar-21,"14,506.30","14,507.30"
30-Mar-21,"14,628.50","14,845.10"
31-Mar-21,"14,811.85","14,690.70"
01-Apr-21,"14,798.40","14,867.35"
05-Apr-21,"14,837.70","14,637.80"
06-Apr-21,"14,737.00","14,683.50"
07-Apr-21,"14,716.45","14,819.05"
08-Apr-21,"14,875.65","14,873.80"
09-Apr-21,"14,882.65","14,834.85"
12-Apr-21,"14,644.65","14,310.80"
13-Apr-21,"14,364.90","14,504.80"
15-Apr-21,"14,522.40","14,581.45"
16-Apr-21,"14,599.60","14,617.85"
19-Apr-21,"14,306.60","14,359.45"
20-Apr-21,"14,526.70","14,296.40"
22-Apr-21,"14,219.15","14,406.15"
23-Apr-21,"14,326.35","14,341.35"
26-Apr-21,"14,449.45","14,485.00"
27-Apr-21,"14,493.80","14,653.05"
28-Apr-21,"14,710.50","14,864.55"
29-Apr-21,"14,979.00","14,894.90"
30-Apr-21,"14,747.35","14,631.10"
03-May-21,"14,481.05","14,634.15"
04-May-21,"14,687.25","14,496.50"
05-May-21,"14,604.15","14,617.85"
06-May-21,"14,668.35","14,724.80"
07-May-21,"14,816.85","14,823.15"
10-May-21,"14,928.25","14,942.35"
11-May-21,"14,789.70","14,850.75"
12-May-21,"14,823.55","14,696.50"
14-May-21,"14,749.40","14,677.80"
17-May-21,"14,756.25","14,923.15"
18-May-21,"15,067.20","15,108.10"
19-May-21,"15,058.60","15,030.15"
20-May-21,"15,042.60","14,906.05"
21-May-21,"14,987.80","15,175.30"
24-May-21,"15,211.35","15,197.70"
25-May-21,"15,291.75","15,208.45"
26-May-21,"15,257.05","15,301.45"
27-May-21,"15,323.95","15,337.85"
28-May-21,"15,421.20","15,435.65"
31-May-21,"15,437.75","15,582.80"
01-Jun-21,"15,629.65","15,574.85"
02-Jun-21,"15,520.35","15,576.20"
03-Jun-21,"15,655.55","15,690.35"
04-Jun-21,"15,712.50","15,670.25"
07-Jun-21,"15,725.10","15,751.65"
08-Jun-21,"15,773.90","15,740.10"
09-Jun-21,"15,766.30","15,635.35"
10-Jun-21,"15,692.10","15,737.75"
11-Jun-21,"15,796.45","15,799.35"
14-Jun-21,"15,791.40","15,811.85"
15-Jun-21,"15,866.95","15,869.25"
16-Jun-21,"15,847.50","15,767.55"
17-Jun-21,"15,648.30","15,691.40"
18-Jun-21,"15,756.50","15,683.35"
21-Jun-21,"15,525.85","15,746.50"
22-Jun-21,"15,840.50","15,772.75"
23-Jun-21,"15,862.80","15,686.95"
24-Jun-21,"15,737.30","15,790.45"
25-Jun-21,"15,839.35","15,860.35"
28-Jun-21,"15,915.35","15,814.70"
29-Jun-21,"15,807.50","15,748.45"
30-Jun-21,"15,776.90","15,721.50"
01-Jul-21,"15,755.05","15,680.00"
02-Jul-21,"15,705.85","15,722.20"
05-Jul-21,"15,793.40","15,834.35"
06-Jul-21,"15,813.75","15,818.25"
07-Jul-21,"15,819.60","15,879.65"
08-Jul-21,"15,855.40","15,727.90"
09-Jul-21,"15,688.25","15,689.80"
12-Jul-21,"15,766.80","15,692.60"
13-Jul-21,"15,794.00","15,812.35"
14-Jul-21,"15,808.70","15,853.95"
15-Jul-21,"15,872.15","15,924.20"
16-Jul-21,"15,958.35","15,923.40"
19-Jul-21,"15,754.50","15,752.40"
20-Jul-21,"15,703.95","15,632.10"
22-Jul-21,"15,736.60","15,824.05"
23-Jul-21,"15,856.80","15,856.05"
26-Jul-21,"15,849.30","15,824.45"
27-Jul-21,"15,860.50","15,746.45"
28-Jul-21,"15,761.55","15,709.40"
29-Jul-21,"15,762.70","15,778.45"
30-Jul-21,"15,800.60","15,763.05"
02-Aug-21,"15,874.90","15,885.15"
03-Aug-21,"15,951.55","16,130.75"
04-Aug-21,"16,195.25","16,258.80"
05-Aug-21,"16,288.95","16,294.60"
06-Aug-21,"16,304.40","16,238.20"
09-Aug-21,"16,281.35","16,258.25"
10-Aug-21,"16,274.80","16,280.10"
11-Aug-21,"16,327.30","16,282.25"
12-Aug-21,"16,303.65","16,364.40"
13-Aug-21,"16,385.70","16,529.10"
16-Aug-21,"16,518.40","16,563.05"
17-Aug-21,"16,545.25","16,614.60"
18-Aug-21,"16,691.95","16,568.85"
20-Aug-21,"16,382.50","16,450.50"
23-Aug-21,"16,592.25","16,496.45"
24-Aug-21,"16,561.40","16,624.60"
25-Aug-21,"16,654.00","16,634.65"
26-Aug-21,"16,627.95","16,636.90"
27-Aug-21,"16,642.55","16,705.20"
30-Aug-21,"16,775.85","16,931.05"
31-Aug-21,"16,947.50","17,132.20"
01-Sep-21,"17,185.60","17,076.25"
02-Sep-21,"17,095.40","17,234.15"
03-Sep-21,"17,262.45","17,323.60"
06-Sep-21,"17,399.35","17,377.80"
07-Sep-21,"17,401.55","17,362.10"
08-Sep-21,"17,375.75","17,353.50"
09-Sep-21,"17,312.85","17,369.25"
13-Sep-21,"17,363.55","17,355.30"
14-Sep-21,"17,420.35","17,380.00"
15-Sep-21,"17,387.65","17,519.45"
16-Sep-21,"17,539.20","17,629.50"
17-Sep-21,"17,709.65","17,585.15"
20-Sep-21,"17,443.85","17,396.90"
21-Sep-21,"17,450.50","17,562.00"
22-Sep-21,"17,580.90","17,546.65"
23-Sep-21,"17,670.85","17,822.95"
24-Sep-21,"17,897.45","17,853.20"
27-Sep-21,"17,932.20","17,855.10"
28-Sep-21,"17,906.45","17,748.60"
29-Sep-21,"17,657.95","17,711.30"
30-Sep-21,"17,718.90","17,618.15"
01-Oct-21,"17,531.90","17,532.05"
04-Oct-21,"17,615.55","17,691.25"
05-Oct-21,"17,661.35","17,822.30"
06-Oct-21,"17,861.50","17,646.00"
07-Oct-21,"17,810.55","17,790.35"
08-Oct-21,"17,886.85","17,895.20"
11-Oct-21,"17,867.55","17,945.95"
12-Oct-21,"17,915.80","17,991.95"
13-Oct-21,"18,097.85","18,161.75"
14-Oct-21,"18,272.85","18,338.55"
18-Oct-21,"18,500.10","18,477.05"
19-Oct-21,"18,602.35","18,418.75"
20-Oct-21,"18,439.90","18,266.60"
21-Oct-21,"18,382.70","18,178.10"
22-Oct-21,"18,230.70","18,114.90"
25-Oct-21,"18,229.50","18,125.40"
26-Oct-21,"18,154.50","18,268.40"
27-Oct-21,"18,295.85","18,210.95"
28-Oct-21,"18,187.65","17,857.25"
29-Oct-21,"17,833.05","17,671.65"
01-Nov-21,"17,783.15","17,929.65"
02-Nov-21,"17,970.90","17,888.95"
03-Nov-21,"17,947.95","17,829.20"
04-Nov-21,"17,935.05","17,916.80"
08-Nov-21,"18,040.20","18,068.55"
09-Nov-21,"18,084.35","18,044.25"
10-Nov-21,"17,973.45","18,017.20"
11-Nov-21,"17,967.45","17,873.60"
12-Nov-21,"17,977.60","18,102.75"
15-Nov-21,"18,140.95","18,109.45"
16-Nov-21,"18,127.05","17,999.20"
17-Nov-21,"17,939.35","17,898.65"
18-Nov-21,"17,890.55","17,764.80"
22-Nov-21,"17,796.25","17,416.55"
23-Nov-21,"17,281.75","17,503.35"
24-Nov-21,"17,550.05","17,415.05"
25-Nov-21,"17,417.30","17,536.25"
26-Nov-21,"17,338.75","17,026.45"
29-Nov-21,"17,055.80","17,053.95"
30-Nov-21,"17,051.15","16,983.20"
01-Dec-21,"17,104.40","17,166.90"
02-Dec-21,"17,183.20","17,401.65"
03-Dec-21,"17,424.90","17,196.70"
06-Dec-21,"17,209.05","16,912.25"
07-Dec-21,"17,044.10","17,176.70"
08-Dec-21,"17,315.25","17,469.75"
09-Dec-21,"17,524.40","17,516.85"
10-Dec-21,"17,476.05","17,511.30"
13-Dec-21,"17,619.10","17,368.25"
14-Dec-21,"17,283.20","17,324.90"
15-Dec-21,"17,323.65","17,221.40"
16-Dec-21,"17,373.00","17,248.40"
17-Dec-21,"17,276.00","16,985.20"
20-Dec-21,"16,824.25","16,614.20"
21-Dec-21,"16,773.15","16,770.85"
22-Dec-21,"16,865.55","16,955.45"
23-Dec-21,"17,066.80","17,072.60"
24-Dec-21,"17,149.50","17,003.75"
27-Dec-21,"16,937.75","17,086.25"
28-Dec-21,"17,177.60","17,233.25"
29-Dec-21,"17,220.10","17,213.60"
30-Dec-21,"17,201.45","17,203.95"
31-Dec-21,"17,244.50","17,354.05"
03-Jan-22,"17,387.15","17,625.70"
04-Jan-22,"17,681.40","17,805.25"
05-Jan-22,"17,820.10","17,925.25"
06-Jan-22,"17,768.50","17,745.90"
07-Jan-22,"17,797.60","17,812.70"
10-Jan-22,"17,913.30","18,003.30"
11-Jan-22,"17,997.75","18,055.75"
12-Jan-22,"18,170.40","18,212.35"
13-Jan-22,"18,257.00","18,257.80"
14-Jan-22,"18,185.00","18,255.75"
17-Jan-22,"18,235.65","18,308.10"
18-Jan-22,"18,337.20","18,113.05"
19-Jan-22,"18,129.20","17,938.40"
20-Jan-22,"17,921.00","17,757.00"
21-Jan-22,"17,613.70","17,617.15"
24-Jan-22,"17,575.15","17,149.10"
25-Jan-22,"17,001.55","17,277.95"
27-Jan-22,"17,062.00","17,110.15"
28-Jan-22,"17,208.30","17,101.95"
31-Jan-22,"17,301.05","17,339.85"
01-Feb-22,"17,529.45","17,576.85"
02-Feb-22,"17,706.20","17,780.00"
03-Feb-22,"17,767.75","17,560.20"
04-Feb-22,"17,590.20","17,516.30"
07-Feb-22,"17,456.30","17,213.60"
08-Feb-22,"17,279.85","17,266.75"
09-Feb-22,"17,370.10","17,463.80"
10-Feb-22,"17,554.10","17,605.85"
11-Feb-22,"17,451.00","17,374.75"
14-Feb-22,"17,076.15","16,842.80"
15-Feb-22,"16,933.25","17,352.45"
16-Feb-22,"17,408.45","17,322.20"
17-Feb-22,"17,396.55","17,304.60"
18-Feb-22,"17,236.05","17,276.30"
21-Feb-22,"17,192.25","17,206.65"
22-Feb-22,"16,847.95","17,092.20"
23-Feb-22,"17,194.50","17,063.25"
24-Feb-22,"16,548.90","16,247.95"
25-Feb-22,"16,515.65","16,658.40"
28-Feb-22,"16,481.60","16,793.90"
02-Mar-22,"16,593.10","16,605.95"
03-Mar-22,"16,723.20","16,498.05"
04-Mar-22,"16,339.45","16,245.35"
07-Mar-22,"15,867.95","15,863.15"
08-Mar-22,"15,747.75","16,013.45"
09-Mar-22,"16,078.00","16,345.35"
10-Mar-22,"16,757.10","16,594.90"
11-Mar-22,"16,528.80","16,630.45"
14-Mar-22,"16,633.70","16,871.30"
15-Mar-22,"16,900.65","16,663.00"
16-Mar-22,"16,876.65","16,975.35"
17-Mar-22,"17,202.90","17,287.05"
21-Mar-22,"17,329.50","17,117.60"
22-Mar-22,"17,120.40","17,315.50"
23-Mar-22,"17,405.05","17,245.65"
24-Mar-22,"17,094.95","17,222.75"
25-Mar-22,"17,289.00","17,153.00"
28-Mar-22,"17,181.85","17,222.00"
29-Mar-22,"17,297.20","17,325.30"
30-Mar-22,"17,468.15","17,498.25"
31-Mar-22,"17,519.20","17,464.75"
01-Apr-22,"17,436.90","17,670.45"
04-Apr-22,"17,809.10","18,053.40"
05-Apr-22,"18,080.60","17,957.40"
06-Apr-22,"17,842.75","17,807.65"
07-Apr-22,"17,723.30","17,639.55"
08-Apr-22,"17,698.15","17,784.35"
11-Apr-22,"17,740.90","17,674.95"
12-Apr-22,"17,584.85","17,530.30"
13-Apr-22,"17,599.90","17,475.65"
18-Apr-22,"17,183.45","17,173.65"
19-Apr-22,"17,258.95","16,958.65"
20-Apr-22,"17,045.25","17,136.55"
21-Apr-22,"17,234.60","17,392.60"
22-Apr-22,"17,242.75","17,171.95"
25-Apr-22,"17,009.05","16,953.95"
26-Apr-22,"17,121.30","17,200.80"
27-Apr-22,"17,073.35","17,038.40"
28-Apr-22,"17,189.50","17,245.05"
29-Apr-22,"17,329.25","17,102.55"
02-May-22,"16,924.45","17,069.10"
04-May-22,"17,096.60","16,677.60"
05-May-22,"16,854.75","16,682.65"
06-May-22,"16,415.55","16,411.25"
09-May-22,"16,227.70","16,301.85"
10-May-22,"16,248.90","16,240.05"
11-May-22,"16,270.05","16,167.10"
12-May-22,"16,021.10","15,808.00"
13-May-22,"15,977.00","15,782.15"
16-May-22,"15,845.10","15,842.30"
17-May-22,"15,912.60","16,259.30"
18-May-22,"16,318.15","16,240.30"
19-May-22,"15,917.40","15,809.40"
20-May-22,"16,043.80","16,266.15"
23-May-22,"16,290.95","16,214.70"
24-May-22,"16,225.55","16,125.15"
25-May-22,"16,196.35","16,025.80"
26-May-22,"16,105.00","16,170.15"
27-May-22,"16,296.60","16,352.45"
30-May-22,"16,527.90","16,661.40"
31-May-22,"16,578.45","16,584.55"
01-Jun-22,"16,594.40","16,522.75"
02-Jun-22,"16,481.65","16,628.00"
03-Jun-22,"16,761.65","16,584.30"
06-Jun-22,"16,530.70","16,569.55"
07-Jun-22,"16,469.60","16,416.35"
08-Jun-22,"16,474.95","16,356.25"
09-Jun-22,"16,263.85","16,478.10"
10-Jun-22,"16,283.95","16,201.80"
13-Jun-22,"15,877.55","15,774.40"
14-Jun-22,"15,674.25","15,732.10"
15-Jun-22,"15,729.25","15,692.15"
16-Jun-22,"15,832.25","15,360.60"
17-Jun-22,"15,272.65","15,293.50"
20-Jun-22,"15,334.50","15,350.15"
21-Jun-22,"15,455.95","15,638.80"
22-Jun-22,"15,545.65","15,413.30"
23-Jun-22,"15,451.55","15,556.65"
24-Jun-22,"15,657.40","15,699.25"
27-Jun-22,"15,926.20","15,832.05"
28-Jun-22,"15,757.45","15,850.20"
29-Jun-22,"15,701.70","15,799.10"
30-Jun-22,"15,774.50","15,780.25"
01-Jul-22,"15,703.70","15,752.05"
04-Jul-22,"15,710.50","15,835.35"
05-Jul-22,"15,909.15","15,810.85"
06-Jul-22,"15,818.20","15,989.80"
07-Jul-22,"16,113.75","16,132.90"
08-Jul-22,"16,273.65","16,220.60"
11-Jul-22,"16,136.15","16,216.00"
12-Jul-22,"16,126.20","16,058.30"
13-Jul-22,"16,128.20","15,966.65"
14-Jul-22,"16,018.85","15,938.65"
15-Jul-22,"16,010.80","16,049.20"
18-Jul-22,"16,151.40","16,278.50"
19-Jul-22,"16,187.05","16,340.55"
20-Jul-22,"16,562.80","16,520.85"
21-Jul-22,"16,523.55","16,605.25"
22-Jul-22,"16,661.25","16,719.45"
25-Jul-22,"16,662.55","16,631.00"
26-Jul-22,"16,632.90","16,483.85"
27-Jul-22,"16,475.35","16,641.80"
28-Jul-22,"16,774.85","16,929.60"
29-Jul-22,"17,079.50","17,158.25"
01-Aug-22,"17,243.20","17,340.05"
02-Aug-22,"17,310.15","17,345.45"
03-Aug-22,"17,349.25","17,388.15"
04-Aug-22,"17,463.10","17,382.00"
05-Aug-22,"17,423.65","17,397.50"
08-Aug-22,"17,401.50","17,525.10"
10-Aug-22,"17,566.10","17,534.75"
11-Aug-22,"17,711.65","17,659.00"
12-Aug-22,"17,659.65","17,698.15"
16-Aug-22,"17,797.20","17,825.25"
17-Aug-22,"17,868.15","17,944.25"
18-Aug-22,"17,898.65","17,956.50"
19-Aug-22,"17,966.55","17,758.45"
22-Aug-22,"17,682.90","17,490.70"
23-Aug-22,"17,357.35","17,577.50"
24-Aug-22,"17,525.45","17,604.95"
25-Aug-22,"17,679.00","17,522.45"
26-Aug-22,"17,619.30","17,558.90"
29-Aug-22,"17,188.65","17,312.90"
30-Aug-22,"17,414.95","17,759.30"
01-Sep-22,"17,485.70","17,542.80"
02-Sep-22,"17,598.40","17,539.45"
05-Sep-22,"17,546.45","17,665.80"
06-Sep-22,"17,695.70","17,655.60"
07-Sep-22,"17,519.40","17,624.40"
08-Sep-22,"17,748.15","17,798.75"
09-Sep-22,"17,923.35","17,833.35"
12-Sep-22,"17,890.85","17,936.35"
13-Sep-22,"18,044.45","18,070.05"
14-Sep-22,"17,771.15","18,003.75"
15-Sep-22,"18,046.35","17,877.40"
16-Sep-22,"17,796.80","17,530.85"
19-Sep-22,"17,540.65","17,622.25"
20-Sep-22,"17,770.40","17,816.25"
21-Sep-22,"17,766.35","17,718.35"
22-Sep-22,"17,609.65","17,629.80"
23-Sep-22,"17,593.85","17,327.35"
26-Sep-22,"17,156.30","17,016.30"
27-Sep-22,"17,110.90","17,007.40"
28-Sep-22,"16,870.55","16,858.60"
29-Sep-22,"16,993.60","16,818.10"
30-Sep-22,"16,798.05","17,094.35"
03-Oct-22,"17,102.10","16,887.35"
04-Oct-22,"17,147.45","17,274.30"
06-Oct-22,"17,379.25","17,331.80"
07-Oct-22,"17,287.20","17,314.65"
10-Oct-22,"17,094.35","17,241.00"
11-Oct-22,"17,256.05","16,983.55"
12-Oct-22,"17,025.55","17,123.60"
13-Oct-22,"17,087.35","17,014.35"
14-Oct-22,"17,322.30","17,185.70"
17-Oct-22,"17,144.80","17,311.80"
18-Oct-22,"17,438.75","17,486.95"
19-Oct-22,"17,568.15","17,512.25"
20-Oct-22,"17,423.10","17,563.95"
21-Oct-22,"17,622.85","17,576.30"
24-Oct-22,"17,736.35","17,730.75"
25-Oct-22,"17,808.30","17,656.35"
27-Oct-22,"17,771.40","17,736.95"
28-Oct-22,"17,756.40","17,786.80"
31-Oct-22,"17,910.20","18,012.20"
01-Nov-22,"18,130.70","18,145.40"
02-Nov-22,"18,177.90","18,082.85"
03-Nov-22,"17,968.35","18,052.70"
04-Nov-22,"18,053.40","18,117.15"
07-Nov-22,"18,211.75","18,202.80"
09-Nov-22,"18,288.25","18,157.00"
10-Nov-22,"18,044.35","18,028.20"
11-Nov-22,"18,272.35","18,349.70"
14-Nov-22,"18,376.40","18,329.15"
15-Nov-22,"18,362.75","18,403.40"
16-Nov-22,"18,398.25","18,409.65"
17-Nov-22,"18,358.70","18,343.90"
18-Nov-22,"18,382.95","18,307.65"
21-Nov-22,"18,246.40","18,159.95"
22-Nov-22,"18,179.15","18,244.20"
23-Nov-22,"18,325.20","18,267.25"
24-Nov-22,"18,326.10","18,484.10"
25-Nov-22,"18,528.45","18,512.75"
28-Nov-22,"18,430.55","18,562.75"
29-Nov-22,"18,552.45","18,618.05"
30-Nov-22,"18,625.70","18,758.35"
01-Dec-22,"18,871.95","18,812.50"
02-Dec-22,"18,752.40","18,696.10"
05-Dec-22,"18,719.55","18,701.05"
06-Dec-22,"18,600.65","18,642.75"
07-Dec-22,"18,638.85","18,560.50"
08-Dec-22,"18,570.85","18,609.35"
09-Dec-22,"18,662.40","18,496.60"
12-Dec-22,"18,402.15","18,497.15"
13-Dec-22,"18,524.40","18,608.00"
14-Dec-22,"18,671.25","18,660.30"
15-Dec-22,"18,614.40","18,414.90"
16-Dec-22,"18,319.10","18,269.00"
19-Dec-22,"18,288.10","18,420.45"
20-Dec-22,"18,340.30","18,385.30"
21-Dec-22,"18,435.15","18,199.10"
22-Dec-22,"18,288.80","18,127.35"
23-Dec-22,"17,977.65","17,806.80"
26-Dec-22,"17,830.40","18,014.60"
27-Dec-22,"18,089.80","18,132.30"
28-Dec-22,"18,084.75","18,122.50"
29-Dec-22,"18,045.70","18,191.00"
30-Dec-22,"18,259.10","18,105.30"
02-Jan-23,"18,131.70","18,197.45"
03-Jan-23,"18,163.20","18,232.55"
04-Jan-23,"18,230.65","18,042.95"
05-Jan-23,"18,101.95","17,992.15"
06-Jan-23,"18,008.05","17,859.45"
09-Jan-23,"17,952.55","18,101.20"
10-Jan-23,"18,121.30","17,914.15"
11-Jan-23,"17,924.25","17,895.70"
12-Jan-23,"17,920.85","17,858.20"
13-Jan-23,"17,867.50","17,956.60"
16-Jan-23,"18,033.15","17,894.85"
17-Jan-23,"17,922.80","18,053.30"
18-Jan-23,"18,074.30","18,165.35"
19-Jan-23,"18,119.80","18,107.85"
20-Jan-23,"18,115.60","18,027.65"
23-Jan-23,"18,118.45","18,118.55"
24-Jan-23,"18,183.95","18,118.30"
25-Jan-23,"18,093.35","17,891.95"
27-Jan-23,"17,877.20","17,604.35"
30-Jan-23,"17,541.95","17,648.95"
31-Jan-23,"17,731.45","17,662.15"
01-Feb-23,"17,811.60","17,616.30"
02-Feb-23,"17,517.10","17,610.40"
03-Feb-23,"17,721.75","17,854.05"
06-Feb-23,"17,818.55","17,764.60"
07-Feb-23,"17,790.10","17,721.50"
08-Feb-23,"17,750.30","17,871.70"
09-Feb-23,"17,885.50","17,893.45"
10-Feb-23,"17,847.55","17,856.50"
13-Feb-23,"17,859.10","17,770.90"
14-Feb-23,"17,840.35","17,929.85"
15-Feb-23,"17,896.60","18,015.85"
16-Feb-23,"18,094.75","18,035.85"
17-Feb-23,"17,974.85","17,944.20"
20-Feb-23,"17,965.55","17,844.60"
21-Feb-23,"17,905.80","17,826.70"
22-Feb-23,"17,755.35","17,554.30"
23-Feb-23,"17,574.65","17,511.25"
24-Feb-23,"17,591.35","17,465.80"
27-Feb-23,"17,428.60","17,392.70"
28-Feb-23,"17,383.25","17,303.95"
01-Mar-23,"17,360.10","17,450.90"
02-Mar-23,"17,421.50","17,321.90"
03-Mar-23,"17,451.25","17,594.35"
06-Mar-23,"17,680.35","17,711.45"
08-Mar-23,"17,665.75","17,754.40"
09-Mar-23,"17,772.05","17,589.60"
10-Mar-23,"17,443.80","17,412.90"
13-Mar-23,"17,421.90","17,154.30"
14-Mar-23,"17,160.55","17,043.30"
15-Mar-23,"17,166.45","16,972.15"
16-Mar-23,"16,994.65","16,985.60"
17-Mar-23,"17,111.80","17,100.05"
20-Mar-23,"17,066.60","16,988.40"
21-Mar-23,"17,060.40","17,107.50"
22-Mar-23,"17,177.45","17,151.90"
23-Mar-23,"17,097.40","17,076.90"
24-Mar-23,"17,076.20","16,945.05"
27-Mar-23,"16,984.30","16,985.70"
28-Mar-23,"17,031.75","16,951.70"
29-Mar-23,"16,977.30","17,080.70"
31-Mar-23,"17,210.35","17,359.75"
03-Apr-23,"17,427.95","17,398.05"
05-Apr-23,"17,422.30","17,557.05"
06-Apr-23,"17,533.85","17,599.15"
10-Apr-23,"17,634.90","17,624.05"
11-Apr-23,"17,704.80","17,722.30"
12-Apr-23,"17,759.55","17,812.40"
13-Apr-23,"17,807.30","17,828.00"
17-Apr-23,"17,863.00","17,706.85"
18-Apr-23,"17,766.60","17,660.15"
19-Apr-23,"17,653.35","17,618.75"
20-Apr-23,"17,638.60","17,624.45"
21-Apr-23,"17,639.75","17,624.05"
24-Apr-23,"17,707.55","17,743.40"
25-Apr-23,"17,761.55","17,769.25"
26-Apr-23,"17,767.30","17,813.60"
27-Apr-23,"17,813.10","17,915.05"
28-Apr-23,"17,950.40","18,065.00"
02-May-23,"18,124.80","18,147.65"
03-May-23,"18,113.80","18,089.85"
04-May-23,"18,081.00","18,255.80"
05-May-23,"18,117.30","18,069.00"
08-May-23,"18,120.60","18,264.40"
09-May-23,"18,303.40","18,265.95"
10-May-23,"18,313.60","18,315.10"
11-May-23,"18,357.80","18,297.00"
12-May-23,"18,273.75","18,314.80"
15-May-23,"18,339.30","18,398.85"
16-May-23,"18,432.35","18,286.50"
17-May-23,"18,300.45","18,181.75"
18-May-23,"18,287.50","18,129.95"
19-May-23,"18,186.15","18,203.40"
22-May-23,"18,201.10","18,314.40"
23-May-23,"18,362.90","18,348.00"
24-May-23,"18,294.80","18,285.40"
25-May-23,"18,268.90","18,321.15"
26-May-23,"18,368.35","18,499.35"
29-May-23,"18,619.15","18,598.65"
30-May-23,"18,606.65","18,633.85"
31-May-23,"18,594.20","18,534.40"
01-Jun-23,"18,579.40","18,487.75"
02-Jun-23,"18,550.85","18,534.10"
05-Jun-23,"18,612.00","18,593.85"
06-Jun-23,"18,600.80","18,599.00"
07-Jun-23,"18,665.60","18,726.40"
08-Jun-23,"18,725.35","18,634.55"
09-Jun-23,"18,655.90","18,563.40"
12-Jun-23,"18,595.05","18,601.50"
13-Jun-23,"18,631.80","18,716.15"
14-Jun-23,"18,744.60","18,755.90"
15-Jun-23,"18,774.45","18,688.10"
16-Jun-23,"18,723.30","18,826.00"
19-Jun-23,"18,873.30","18,755.45"
20-Jun-23,"18,752.35","18,816.70"
21-Jun-23,"18,849.40","18,856.85"
22-Jun-23,"18,853.60","18,771.25"
23-Jun-23,"18,741.85","18,665.50"
26-Jun-23,"18,682.35","18,691.20"
27-Jun-23,"18,748.55","18,817.40"
28-Jun-23,"18,908.15","18,972.10"
30-Jun-23,"19,076.85","19,189.05"
03-Jul-23,"19,246.50","19,322.55"
04-Jul-23,"19,406.60","19,389.00"
05-Jul-23,"19,405.95","19,398.50"
06-Jul-23,"19,385.70","19,497.30"
07-Jul-23,"19,422.80","19,331.80"
10-Jul-23,"19,400.35","19,355.90"
11-Jul-23,"19,427.10","19,439.40"
12-Jul-23,"19,497.45","19,384.30"
13-Jul-23,"19,495.20","19,413.75"
14-Jul-23,"19,493.45","19,564.50"
17-Jul-23,"19,612.15","19,711.45"
18-Jul-23,"19,787.50","19,749.25"
19-Jul-23,"19,802.95","19,833.15"
20-Jul-23,"19,831.70","19,979.15"
21-Jul-23,"19,800.45","19,745.00"
24-Jul-23,"19,748.45","19,672.35"
25-Jul-23,"19,729.35","19,680.60"
26-Jul-23,"19,733.35","19,778.30"
27-Jul-23,"19,850.90","19,659.90"
28-Jul-23,"19,659.75","19,646.05"
31-Jul-23,"19,666.35","19,753.80"
01-Aug-23,"19,784.00","19,733.55"
02-Aug-23,"19,655.40","19,526.55"
03-Aug-23,"19,463.75","19,381.65"
04-Aug-23,"19,462.80","19,517.00"
07-Aug-23,"19,576.85","19,597.30"
08-Aug-23,"19,627.20","19,570.85"
09-Aug-23,"19,578.80","19,632.55"
10-Aug-23,"19,605.55","19,543.10"
11-Aug-23,"19,554.25","19,428.30"
14-Aug-23,"19,383.95","19,434.55"
16-Aug-23,"19,369.00","19,465.00"
17-Aug-23,"19,450.55","19,365.25"
18-Aug-23,"19,301.75","19,310.15"
21-Aug-23,"19,320.65","19,393.60"
22-Aug-23,"19,417.10","19,396.45"
23-Aug-23,"19,439.20","19,444.00"
24-Aug-23,"19,535.15","19,386.70"
25-Aug-23,"19,297.40","19,265.80"
28-Aug-23,"19,298.35","19,306.05"
29-Aug-23,"19,374.85","19,342.65"
30-Aug-23,"19,433.45","19,347.45"
31-Aug-23,"19,375.55","19,253.80"
01-Sep-23,"19,258.15","19,435.30"
04-Sep-23,"19,525.05","19,528.80"
05-Sep-23,"19,564.65","19,574.90"
06-Sep-23,"19,581.20","19,611.05"
07-Sep-23,"19,598.65","19,727.05"
08-Sep-23,"19,774.80","19,819.95"
11-Sep-23,"19,890.00","19,996.35"
12-Sep-23,"20,110.15","19,993.20"
13-Sep-23,"19,989.50","20,070.00"
14-Sep-23,"20,127.95","20,103.10"
15-Sep-23,"20,156.45","20,192.35"
18-Sep-23,"20,155.95","20,133.30"
20-Sep-23,"19,980.75","19,901.40"
21-Sep-23,"19,840.55","19,742.35"
22-Sep-23,"19,744.85","19,674.25"
25-Sep-23,"19,678.20","19,674.55"
26-Sep-23,"19,682.80","19,664.70"
27-Sep-23,"19,637.05","19,716.45"
28-Sep-23,"19,761.80","19,523.55"
29-Sep-23,"19,581.20","19,638.30"
03-Oct-23,"19,622.40","19,528.75"
04-Oct-23,"19,446.30","19,436.10"
05-Oct-23,"19,521.85","19,545.75"
06-Oct-23,"19,621.20","19,653.50"
09-Oct-23,"19,539.45","19,512.35"
10-Oct-23,"19,565.60","19,689.85"
11-Oct-23,"19,767.00","19,811.35"
12-Oct-23,"19,822.70","19,794.00"
13-Oct-23,"19,654.55","19,751.05"
16-Oct-23,"19,737.25","19,731.75"
17-Oct-23,"19,843.20","19,811.50"
18-Oct-23,"19,820.45","19,671.10"
19-Oct-23,"19,545.20","19,624.70"
20-Oct-23,"19,542.15","19,542.65"
23-Oct-23,"19,521.60","19,281.75"
25-Oct-23,"19,286.45","19,122.15"
26-Oct-23,"19,027.25","18,857.25"
27-Oct-23,"18,928.75","19,047.25"
30-Oct-23,"19,053.40","19,140.90"
31-Oct-23,"19,232.95","19,079.60"
01-Nov-23,"19,064.05","18,989.15"
02-Nov-23,"19,120.00","19,133.25"
03-Nov-23,"19,241.00","19,230.60"
06-Nov-23,"19,345.85","19,411.75"
07-Nov-23,"19,404.05","19,406.70"
08-Nov-23,"19,449.60","19,443.50"
09-Nov-23,"19,457.40","19,395.30"
10-Nov-23,"19,351.85","19,425.35"
12-Nov-23,"19,547.25","19,525.55"
13-Nov-23,"19,486.75","19,443.55"
15-Nov-23,"19,651.40","19,675.45"
16-Nov-23,"19,674.70","19,765.20"
17-Nov-23,"19,674.75","19,731.80"
20-Nov-23,"19,731.15","19,694.00"
21-Nov-23,"19,770.90","19,783.40"
22-Nov-23,"19,784.00","19,811.85"
23-Nov-23,"19,828.45","19,802.00"
24-Nov-23,"19,809.60","19,794.70"
28-Nov-23,"19,844.65","19,889.70"
29-Nov-23,"19,976.55","20,096.60"
30-Nov-23,"20,108.50","20,133.15"
01-Dec-23,"20,194.10","20,267.90"
04-Dec-23,"20,601.95","20,686.80"
05-Dec-23,"20,808.90","20,855.10"
06-Dec-23,"20,950.75","20,937.70"
07-Dec-23,"20,932.40","20,901.15"
08-Dec-23,"20,934.10","20,969.40"
11-Dec-23,"20,965.30","20,997.10"
12-Dec-23,"21,018.55","20,906.40"
13-Dec-23,"20,929.75","20,926.35"
14-Dec-23,"21,110.40","21,182.70"
15-Dec-23,"21,287.45","21,456.65"
18-Dec-23,"21,434.80","21,418.65"
19-Dec-23,"21,477.65","21,453.10"
20-Dec-23,"21,543.50","21,150.15"
21-Dec-23,"21,033.95","21,255.05"
22-Dec-23,"21,295.85","21,349.40"
26-Dec-23,"21,365.20","21,441.35"
27-Dec-23,"21,497.65","21,654.75"
28-Dec-23,"21,715.00","21,778.70"
29-Dec-23,"21,737.65","21,731.40"
01-Jan-24,"21,727.75","21,741.90"
02-Jan-24,"21,751.35","21,665.80"
03-Jan-24,"21,661.10","21,517.35"
04-Jan-24,"21,605.80","21,658.60"
05-Jan-24,"21,705.75","21,710.80"
08-Jan-24,"21,747.60","21,513.00"
09-Jan-24,"21,653.60","21,544.85"
10-Jan-24,"21,529.30","21,618.70"
11-Jan-24,"21,688.00","21,647.20"
12-Jan-24,"21,773.55","21,894.55"
15-Jan-24,"22,053.15","22,097.45"
16-Jan-24,"22,080.50","22,032.30"
17-Jan-24,"21,647.25","21,571.95"
18-Jan-24,"21,414.20","21,462.25"
19-Jan-24,"21,615.20","21,622.40"
20-Jan-24,"21,706.15","21,571.80"
23-Jan-24,"21,716.70","21,238.80"
24-Jan-24,"21,185.25","21,453.95"
25-Jan-24,"21,454.60","21,352.60"
29-Jan-24,"21,433.10","21,737.60"
30-Jan-24,"21,775.75","21,522.10"
31-Jan-24,"21,487.25","21,725.70"
01-Feb-24,"21,780.65","21,697.45"
02-Feb-24,"21,812.75","21,853.80"
05-Feb-24,"21,921.05","21,771.70"
06-Feb-24,"21,825.20","21,929.40"
07-Feb-24,"22,045.05","21,930.50"
08-Feb-24,"22,009.65","21,717.95"
09-Feb-24,"21,727.00","21,782.50"
12-Feb-24,"21,800.80","21,616.05"
13-Feb-24,"21,664.30","21,743.25"
14-Feb-24,"21,578.15","21,840.05"
15-Feb-24,"21,906.55","21,910.75"
16-Feb-24,"22,020.30","22,040.70"
19-Feb-24,"22,103.45","22,122.25"
20-Feb-24,"22,099.20","22,196.95"
21-Feb-24,"22,248.85","22,055.05"
22-Feb-24,"22,081.55","22,217.45"
23-Feb-24,"22,290.00","22,212.70"
26-Feb-24,"22,169.20","22,122.05"
27-Feb-24,"22,090.20","22,198.35"
28-Feb-24,"22,214.10","21,951.15"
29-Feb-24,"21,935.20","21,982.80"
01-Mar-24,"22,048.30","22,338.75"
02-Mar-24,"22,406.95","22,378.40"
04-Mar-24,"22,403.50","22,405.60"
05-Mar-24,"22,371.25","22,356.30"
06-Mar-24,"22,327.50","22,474.05"
07-Mar-24,"22,505.30","22,493.55"
11-Mar-24,"22,517.50","22,332.65"
12-Mar-24,"22,334.45","22,335.70"
13-Mar-24,"22,432.20","21,997.70"
14-Mar-24,"21,982.55","22,146.65"
15-Mar-24,"22,064.85","22,023.35"
18-Mar-24,"21,990.10","22,055.70"
19-Mar-24,"21,946.45","21,817.45"
20-Mar-24,"21,843.90","21,839.10"
21-Mar-24,"21,989.90","22,011.95"
22-Mar-24,"21,932.20","22,096.75"
26-Mar-24,"21,947.90","22,004.70"
27-Mar-24,"22,053.95","22,123.65"
28-Mar-24,"22,163.60","22,326.90"
01-Apr-24,"22,455.00","22,462.00"
02-Apr-24,"22,458.80","22,453.30"
03-Apr-24,"22,385.70","22,434.65"
04-Apr-24,"22,592.10","22,514.65"
05-Apr-24,"22,486.40","22,513.70"
08-Apr-24,"22,578.35","22,666.30"
09-Apr-24,"22,765.10","22,642.75"
10-Apr-24,"22,720.25","22,753.80"
12-Apr-24,"22,677.40","22,519.40"
15-Apr-24,"22,339.05","22,272.50"
16-Apr-24,"22,125.30","22,147.90"
18-Apr-24,"22,212.35","21,995.85"
19-Apr-24,"21,861.50","22,147.00"
22-Apr-24,"22,336.90","22,336.40"
23-Apr-24,"22,447.05","22,368.00"
24-Apr-24,"22,421.55","22,402.40"
25-Apr-24,"22,316.90","22,570.35"
26-Apr-24,"22,620.40","22,419.95"
29-Apr-24,"22,475.55","22,643.40"
30-Apr-24,"22,679.65","22,604.85"
02-May-24,"22,567.85","22,648.20"
03-May-24,"22,766.35","22,475.85"
06-May-24,"22,561.60","22,442.70"
07-May-24,"22,489.75","22,302.50"
08-May-24,"22,231.20","22,302.50"
09-May-24,"22,224.80","21,957.50"
10-May-24,"21,990.95","22,055.20"
13-May-24,"22,027.95","22,104.05"
14-May-24,"22,112.90","22,217.85"
15-May-24,"22,255.60","22,200.55"
16-May-24,"22,319.20","22,403.85"
17-May-24,"22,415.25","22,466.10"
18-May-24,"22,512.85","22,502.00"
21-May-24,"22,404.55","22,529.05"
22-May-24,"22,576.60","22,597.80"
23-May-24,"22,614.10","22,967.65"
24-May-24,"22,930.75","22,957.10"
27-May-24,"23,038.95","22,932.45"
28-May-24,"22,977.15","22,888.15"
29-May-24,"22,762.75","22,704.70"
30-May-24,"22,617.45","22,488.65"
31-May-24,"22,568.10","22,530.70"
03-Jun-24,"23,337.90","23,263.90"
04-Jun-24,"23,179.50","21,884.50"
05-Jun-24,"22,128.35","22,620.35"
06-Jun-24,"22,798.60","22,821.40"
07-Jun-24,"22,821.85","23,290.15"
10-Jun-24,"23,319.15","23,259.20"
11-Jun-24,"23,283.75","23,264.85"
12-Jun-24,"23,344.45","23,322.95"
13-Jun-24,"23,480.95","23,398.90"
14-Jun-24,"23,464.95","23,465.60"
18-Jun-24,"23,570.80","23,557.90"
19-Jun-24,"23,629.85","23,516.00"
20-Jun-24,"23,586.15","23,567.00"
21-Jun-24,"23,661.15","23,501.10"
24-Jun-24,"23,382.30","23,537.85"
25-Jun-24,"23,577.10","23,721.30"
26-Jun-24,"23,723.10","23,868.80"
27-Jun-24,"23,881.55","24,044.50"
28-Jun-24,"24,085.90","24,010.60"
01-Jul-24,"23,992.95","24,141.95"
02-Jul-24,"24,228.75","24,123.85"
03-Jul-24,"24,291.75","24,286.50"
04-Jul-24,"24,369.95","24,302.15"
05-Jul-24,"24,213.35","24,323.85"
08-Jul-24,"24,329.45","24,320.55"
09-Jul-24,"24,351.00","24,433.20"
10-Jul-24,"24,459.85","24,324.45"
11-Jul-24,"24,396.55","24,315.95"
12-Jul-24,"24,387.95","24,502.15"
15-Jul-24,"24,587.60","24,586.70"
16-Jul-24,"24,615.90","24,613.00"
18-Jul-24,"24,543.80","24,800.85"
19-Jul-24,"24,853.80","24,530.90"
22-Jul-24,"24,445.75","24,509.25"
23-Jul-24,"24,568.90","24,479.05"
24-Jul-24,"24,444.95","24,413.50"
25-Jul-24,"24,230.95","24,406.10"
26-Jul-24,"24,423.35","24,834.85"
29-Jul-24,"24,943.30","24,836.10"
30-Jul-24,"24,839.40","24,857.30"
31-Jul-24,"24,886.70","24,951.15"
01-Aug-24,"25,030.95","25,010.90"
02-Aug-24,"24,789.00","24,717.70"
05-Aug-24,"24,302.85","24,055.60"
06-Aug-24,"24,189.85","23,992.55"
07-Aug-24,"24,289.40","24,297.50"
08-Aug-24,"24,248.55","24,117.00"
09-Aug-24,"24,386.85","24,367.50"
12-Aug-24,"24,320.05","24,347.00"
13-Aug-24,"24,342.35","24,139.00"
14-Aug-24,"24,184.40","24,143.75"
16-Aug-24,"24,334.85","24,541.15"
19-Aug-24,"24,636.35","24,572.65"
20-Aug-24,"24,648.90","24,698.85"
21-Aug-24,"24,680.55","24,770.20"
22-Aug-24,"24,863.40","24,811.50"
23-Aug-24,"24,845.40","24,823.15"
26-Aug-24,"24,906.10","25,010.60"
27-Aug-24,"25,024.80","25,017.75"
28-Aug-24,"25,030.80","25,052.35"
29-Aug-24,"25,035.30","25,151.95"
30-Aug-24,"25,249.70","25,235.90"
02-Sep-24,"25,333.60","25,278.70"
03-Sep-24,"25,313.40","25,279.85"
04-Sep-24,"25,089.95","25,198.70"
05-Sep-24,"25,250.50","25,145.10"
06-Sep-24,"25,093.70","24,852.15"
09-Sep-24,"24,823.40","24,936.40"
10-Sep-24,"24,999.40","25,041.10"
11-Sep-24,"25,034.00","24,918.45"
12-Sep-24,"25,059.65","25,388.90"
13-Sep-24,"25,430.45","25,356.50"
16-Sep-24,"25,406.65","25,383.75"
17-Sep-24,"25,416.90","25,418.55"
18-Sep-24,"25,402.40","25,377.55"
19-Sep-24,"25,487.05","25,415.80"
20-Sep-24,"25,525.95","25,790.95"
23-Sep-24,"25,872.55","25,939.05"
24-Sep-24,"25,921.45","25,940.40"
25-Sep-24,"25,899.45","26,004.15"
26-Sep-24,"26,005.40","26,216.05"
27-Sep-24,"26,248.25","26,178.95"
30-Sep-24,"26,061.30","25,810.85"
01-Oct-24,"25,788.45","25,796.90"
03-Oct-24,"25,452.85","25,250.10"
04-Oct-24,"25,181.90","25,014.60"
07-Oct-24,"25,084.10","24,795.75"
08-Oct-24,"24,832.20","25,013.15"
09-Oct-24,"25,065.80","24,981.95"
10-Oct-24,"25,067.05","24,998.45"
11-Oct-24,"24,985.30","24,964.25"
14-Oct-24,"25,023.45","25,127.95"
15-Oct-24,"25,186.30","25,057.35"
16-Oct-24,"25,008.55","24,971.30"
17-Oct-24,"25,027.40","24,749.85"
18-Oct-24,"24,664.95","24,854.05"
21-Oct-24,"24,956.15","24,781.10"
22-Oct-24,"24,798.65","24,472.10"
23-Oct-24,"24,378.15","24,435.50"
24-Oct-24,"24,412.70","24,399.40"
25-Oct-24,"24,418.05","24,180.80"
28-Oct-24,"24,251.10","24,339.15"
29-Oct-24,"24,328.85","24,466.85"
30-Oct-24,"24,371.45","24,340.85"
31-Oct-24,"24,349.85","24,205.35"
01-Nov-24,"24,302.75","24,304.35"
04-Nov-24,"24,315.75","23,995.35"
05-Nov-24,"23,916.50","24,213.30"
06-Nov-24,"24,308.75","24,484.05"
07-Nov-24,"24,489.60","24,199.35"
08-Nov-24,"24,207.70","24,148.20"
11-Nov-24,"24,087.25","24,141.30"
12-Nov-24,"24,225.80","23,883.45"
13-Nov-24,"23,822.45","23,559.05"
14-Nov-24,"23,542.15","23,532.70"
18-Nov-24,"23,605.30","23,453.80"
19-Nov-24,"23,529.55","23,518.50"
21-Nov-24,"23,488.45","23,349.90"
22-Nov-24,"23,411.80","23,907.25"
25-Nov-24,"24,253.55","24,221.90"
26-Nov-24,"24,343.30","24,194.50"
27-Nov-24,"24,204.80","24,274.90"
28-Nov-24,"24,274.15","23,914.15"
29-Nov-24,"23,927.15","24,131.10"
02-Dec-24,"24,140.85","24,276.05"
03-Dec-24,"24,367.50","24,457.15"
04-Dec-24,"24,488.75","24,467.45"
05-Dec-24,"24,539.15","24,708.40"
06-Dec-24,"24,729.45","24,677.80"
09-Dec-24,"24,633.90","24,619.00"
10-Dec-24,"24,652.65","24,610.05"
11-Dec-24,"24,620.50","24,641.80"
12-Dec-24,"24,604.45","24,548.70"
13-Dec-24,"24,498.35","24,768.30"
16-Dec-24,"24,753.40","24,668.25"
17-Dec-24,"24,584.80","24,336.00"
18-Dec-24,"24,297.95","24,198.85"
19-Dec-24,"23,877.15","23,951.70"
20-Dec-24,"23,960.70","23,587.50"
23-Dec-24,"23,738.20","23,753.45"
24-Dec-24,"23,769.10","23,727.65"
26-Dec-24,"23,775.80","23,750.20"
27-Dec-24,"23,801.40","23,813.40"
30-Dec-24,"23,796.90","23,644.90"
31-Dec-24,"23,560.60","23,644.80"
