Date,Price (REDY), Price (HALC) , Price (TAMO) , Price (VARB) , Price (KTKM) 
31-12-2024,"1,388.50", 602.45 , 740.15 , 638.50 ," 1,786.05 "
30-12-2024,"1,376.90", 601.10 , 733.65 , 643.45 ," 1,740.70 "
27-12-2024,"1,389.45", 617.40 , 750.50 , 624.30 ," 1,759.90 "
26-12-2024,"1,355.15", 628.75 , 740.80 , 624.10 ," 1,752.80 "
24-12-2024,"1,350.90", 627.45 , 736.10 , 627.30 ," 1,749.05 "
23-12-2024,"1,341.35", 634.15 , 722.20 , 626.55 ," 1,745.35 "
20-12-2024,"1,343.65", 622.65 , 724.05 , 612.55 ," 1,743.55 "
19-12-2024,"1,325.60", 629.35 , 744.05 , 628.00 ," 1,762.10 "
18-12-2024,"1,275.40", 633.00 , 755.70 , 633.45 ," 1,780.00 "
17-12-2024,"1,247.65", 639.45 , 779.75 , 647.85 ," 1,784.05 "
16-12-2024,"1,269.95", 653.50 , 784.80 , 645.40 ," 1,804.45 "
13-12-2024,"1,246.35", 662.10 , 790.30 , 645.65 ," 1,805.65 "
12-12-2024,"1,245.40", 668.70 , 786.35 , 646.25 ," 1,768.70 "
11-12-2024,"1,238.55", 670.50 , 799.10 , 643.95 ," 1,794.70 "
10-12-2024,"1,240.35", 668.90 , 799.90 , 645.35 ," 1,794.70 "
09-12-2024,"1,255.15", 670.90 , 798.75 , 641.60 ," 1,786.25 "
06-12-2024,"1,253.70", 670.15 , 816.80 , 644.05 ," 1,776.95 "
05-12-2024,"1,239.85", 670.85 , 792.55 , 633.50 ," 1,775.15 "
04-12-2024,"1,215.55", 663.05 , 788.10 , 618.90 ," 1,757.50 "
03-12-2024,"1,224.50", 667.55 , 801.25 , 621.10 ," 1,749.90 "
02-12-2024,"1,221.75", 662.60 , 790.05 , 632.25 ," 1,753.95 "
29-11-2024,"1,202.30", 656.20 , 786.45 , 621.20 ," 1,765.25 "
28-11-2024,"1,191.95", 650.25 , 779.45 , 630.70 ," 1,759.20 "
27-11-2024,"1,199.90", 661.10 , 783.95 , 613.00 ," 1,783.20 "
26-11-2024,"1,208.65", 666.10 , 783.00 , 614.25 ," 1,783.60 "
25-11-2024,"1,209.30", 659.85 , 796.60 , 601.10 ," 1,790.75 "
22-11-2024,"1,214.45", 652.10 , 791.00 , 616.40 ," 1,761.45 "
21-11-2024,"1,195.35", 648.05 , 773.85 , 626.75 ," 1,737.10 "
19-11-2024,"1,213.45", 640.00 , 783.20 , 630.35 ," 1,727.75 "
18-11-2024,"1,193.55", 651.05 , 771.90 , 609.85 ," 1,722.75 "
14-11-2024,"1,226.70", 627.35 , 774.30 , 575.65 ," 1,707.90 "
13-11-2024,"1,245.00", 626.60 , 786.25 , 568.10 ," 1,687.85 "
12-11-2024,"1,263.90", 651.65 , 784.85 , 584.30 ," 1,721.40 "
11-11-2024,"1,287.90", 655.35 , 804.70 , 590.80 ," 1,744.00 "
08-11-2024,"1,283.65", 650.45 , 805.45 , 591.55 ," 1,745.80 "
07-11-2024,"1,287.35", 648.10 , 819.75 , 597.25 ," 1,746.90 "
06-11-2024,"1,302.10", 708.20 , 839.70 , 599.20 ," 1,762.60 "
05-11-2024,"1,272.20", 697.55 , 835.65 , 586.25 ," 1,757.15 "
04-11-2024,"1,268.30", 674.30 , 824.10 , 593.50 ," 1,729.35 "
01-11-2024,"1,259.60", 690.90 , 843.45 , 608.50 ," 1,744.40 "
31-10-2024,"1,274.20", 686.05 , 834.05 , 597.75 ," 1,731.10 "
30-10-2024,"1,249.85", 688.40 , 840.20 , 605.55 ," 1,734.60 "
29-10-2024,"1,274.70", 693.60 , 842.75 , 609.30 ," 1,760.20 "
28-10-2024,"1,311.50", 692.90 , 878.45 , 603.80 ," 1,749.85 "
25-10-2024,"1,302.94", 678.75 , 864.30 , 611.20 ," 1,768.85 "
24-10-2024,"1,316.54", 690.70 , 880.00 , 609.30 ," 1,762.20 "
23-10-2024,"1,321.58", 717.10 , 877.65 , 628.75 ," 1,767.80 "
22-10-2024,"1,332.48", 720.25 , 879.50 , 594.55 ," 1,763.15 "
21-10-2024,"1,339.48", 739.60 , 903.30 , 578.45 ," 1,789.20 "
18-10-2024,"1,348.22", 753.50 , 910.15 , 588.75 ," 1,871.05 "
17-10-2024,"1,340.81", 734.80 , 891.60 , 588.40 ," 1,864.05 "
16-10-2024,"1,342.18", 733.10 , 907.45 , 608.30 ," 1,876.35 "
15-10-2024,"1,322.33", 726.95 , 917.30 , 611.05 ," 1,895.20 "
14-10-2024,"1,331.98", 743.00 , 928.25 , 591.65 ," 1,910.80 "
11-10-2024,"1,319.84", 747.35 , 930.70 , 592.35 ," 1,882.40 "
10-10-2024,"1,316.62", 730.15 , 928.50 , 588.65 ," 1,876.10 "
09-10-2024,"1,332.97", 727.55 , 939.15 , 592.40 ," 1,800.80 "
08-10-2024,"1,331.21", 721.80 , 919.80 , 590.00 ," 1,803.40 "
07-10-2024,"1,321.98", 731.30 , 927.85 , 542.05 ," 1,790.25 "
04-10-2024,"1,326.65", 747.90 , 930.75 , 578.90 ," 1,809.00 "
03-10-2024,"1,347.13", 747.10 , 925.70 , 587.75 ," 1,822.80 "
01-10-2024,"1,349.82", 761.55 , 965.20 , 612.25 ," 1,879.40 "
30-09-2024,"1,350.32", 756.20 , 974.65 , 606.30 ," 1,853.95 "
27-09-2024,"1,349.98", 747.15 , 993.00 , 608.55 ," 1,872.45 "
26-09-2024,"1,348.88", 734.65 , 993.15 , 626.85 ," 1,902.30 "
25-09-2024,"1,338.29", 718.45 , 963.60 , 633.30 ," 1,897.95 "
24-09-2024,"1,330.07", 717.85 , 977.30 , 646.85 ," 1,914.70 "
23-09-2024,"1,330.89", 690.55 , 971.80 , 654.10 ," 1,934.70 "
20-09-2024,"1,310.23", 694.40 , 970.85 , 654.45 ," 1,904.50 "
19-09-2024,"1,300.51", 684.20 , 967.00 , 652.15 ," 1,871.95 "
18-09-2024,"1,313.56", 685.25 , 962.05 , 646.70 ," 1,839.70 "
17-09-2024,"1,326.33", 683.00 , 974.95 , 649.65 ," 1,846.65 "
16-09-2024,"1,329.42", 685.15 , 988.40 , 621.05 ," 1,831.30 "
13-09-2024,"1,332.14", 673.25 , 992.10 , 646.65 ," 1,820.35 "
12-09-2024,"1,336.77", 676.20 , 986.15 , 645.60 ," 1,827.45 "
11-09-2024,"1,322.50", 647.70 , 976.30 , 627.66 ," 1,789.25 "
10-09-2024,"1,330.08", 659.50 ," 1,035.80 ", 608.00 ," 1,791.60 "
09-09-2024,"1,331.18", 658.55 ," 1,038.70 ", 610.34 ," 1,790.15 "
06-09-2024,"1,333.43", 667.10 ," 1,049.35 ", 597.30 ," 1,764.15 "
05-09-2024,"1,339.15", 669.95 ," 1,069.15 ", 602.18 ," 1,777.95 "
04-09-2024,"1,357.44", 666.80 ," 1,080.45 ", 609.00 ," 1,783.80 "
03-09-2024,"1,370.77", 678.90 ," 1,085.10 ", 599.94 ," 1,783.80 "
02-09-2024,"1,374.43", 683.90 ," 1,092.65 ", 608.58 ," 1,780.25 "
30-08-2024,"1,406.27", 701.35 ," 1,111.35 ", 600.36 ," 1,780.80 "
29-08-2024,"1,386.23", 700.50 ," 1,121.65 ", 603.62 ," 1,777.25 "
28-08-2024,"1,399.86", 705.05 ," 1,074.55 ", 611.20 ," 1,791.30 "
27-08-2024,"1,392.59", 703.50 ," 1,077.25 ", 625.90 ," 1,803.35 "
26-08-2024,"1,388.66", 711.85 ," 1,092.40 ", 630.40 ," 1,812.50 "
23-08-2024,"1,390.90", 685.10 ," 1,085.15 ", 632.84 ," 1,818.00 "
22-08-2024,"1,393.81", 685.55 ," 1,068.45 ", 637.68 ," 1,821.50 "
21-08-2024,"1,412.49", 685.60 ," 1,085.20 ", 618.44 ," 1,812.95 "
20-08-2024,"1,393.07", 672.90 ," 1,086.90 ", 596.64 ," 1,805.65 "
19-08-2024,"1,382.27", 658.85 ," 1,087.70 ", 603.36 ," 1,781.35 "
16-08-2024,"1,358.72", 634.15 ," 1,098.35 ", 568.74 ," 1,777.30 "
14-08-2024,"1,360.21", 621.45 ," 1,062.35 ", 584.84 ," 1,747.90 "
13-08-2024,"1,389.68", 621.40 ," 1,053.45 ", 595.80 ," 1,752.05 "
12-08-2024,"1,377.31", 629.35 ," 1,076.15 ", 589.30 ," 1,772.55 "
09-08-2024,"1,402.70", 622.90 ," 1,068.10 ", 603.44 ," 1,769.65 "
08-08-2024,"1,387.66", 614.05 ," 1,041.75 ", 595.82 ," 1,772.75 "
07-08-2024,"1,385.27", 623.70 ," 1,025.30 ", 607.94 ," 1,776.55 "
06-08-2024,"1,361.48", 610.30 ," 1,013.75 ", 584.78 ," 1,770.55 "
05-08-2024,"1,362.41", 614.30 ," 1,016.45 ", 601.90 ," 1,773.65 "
02-08-2024,"1,392.83", 648.05 ," 1,096.65 ", 628.94 ," 1,803.45 "
01-08-2024,"1,377.59", 673.50 ," 1,144.40 ", 630.30 ," 1,792.65 "
31-07-2024,"1,350.10", 669.60 ," 1,156.65 ", 630.96 ," 1,807.90 "
30-07-2024,"1,360.83", 660.50 ," 1,161.85 ", 630.96 ," 1,786.10 "
29-07-2024,"1,368.01", 666.85 ," 1,124.00 ", 674.12 ," 1,793.90 "
26-07-2024,"1,375.73", 667.60 ," 1,118.30 ", 670.66 ," 1,813.85 "
25-07-2024,"1,370.64", 646.55 ," 1,090.95 ", 660.84 ," 1,775.15 "
24-07-2024,"1,364.03", 651.60 ," 1,027.70 ", 644.80 ," 1,746.20 "
23-07-2024,"1,373.00", 653.50 ," 1,001.80 ", 619.52 ," 1,768.90 "
22-07-2024,"1,354.18", 672.30 ," 1,003.15 ", 625.02 ," 1,757.55 "
19-07-2024,"1,327.20", 663.00 , 990.00 , 623.88 ," 1,821.60 "
18-07-2024,"1,333.50", 689.95 ," 1,024.55 ", 636.26 ," 1,826.75 "
16-07-2024,"1,329.21", 690.80 ," 1,021.15 ", 639.60 ," 1,805.30 "
15-07-2024,"1,358.95", 700.10 ," 1,024.45 ", 651.14 ," 1,843.55 "
12-07-2024,"1,343.89", 692.05 ," 1,016.75 ", 633.80 ," 1,832.85 "
11-07-2024,"1,318.95", 696.30 ," 1,020.80 ", 636.98 ," 1,844.50 "
10-07-2024,"1,318.51", 693.30 ," 1,005.50 ", 639.74 ," 1,829.85 "
09-07-2024,"1,316.57", 707.00 ," 1,014.95 ", 644.60 ," 1,847.85 "
08-07-2024,"1,306.83", 697.20 ," 1,002.60 ", 638.92 ," 1,853.20 "
05-07-2024,"1,304.00", 699.15 , 993.65 , 645.66 ," 1,852.70 "
04-07-2024,"1,295.87", 691.85 , 998.20 , 647.44 ," 1,833.85 "
03-07-2024,"1,285.18", 691.65 , 975.65 , 645.38 ," 1,810.70 "
02-07-2024,"1,274.05", 694.75 , 981.30 , 630.86 ," 1,769.60 "
01-07-2024,"1,270.74", 689.85 ," 1,002.05 ", 643.14 ," 1,808.10 "
28-06-2024,"1,280.47", 693.55 , 989.75 , 651.80 ," 1,802.50 "
27-06-2024,"1,247.18", 685.25 , 972.10 , 655.78 ," 1,830.55 "
26-06-2024,"1,214.01", 674.70 , 951.85 , 643.02 ," 1,798.15 "
25-06-2024,"1,215.68", 685.50 , 955.00 , 635.54 ," 1,781.90 "
24-06-2024,"1,210.99", 685.25 , 958.05 , 631.30 ," 1,772.55 "
21-06-2024,"1,202.29", 684.50 , 961.80 , 637.42 ," 1,775.65 "
20-06-2024,"1,194.16", 676.50 , 978.25 , 645.50 ," 1,766.25 "
19-06-2024,"1,191.24", 662.40 , 977.35 , 649.20 ," 1,746.70 "
18-06-2024,"1,198.25", 678.75 , 985.90 , 649.96 ," 1,719.40 "
14-06-2024,"1,217.05", 683.60 , 993.40 , 655.70 ," 1,717.20 "
13-06-2024,"1,219.17", 680.70 , 985.85 , 631.42 ," 1,726.35 "
12-06-2024,"1,212.01", 673.90 , 988.70 , 623.10 ," 1,715.75 "
11-06-2024,"1,207.85", 672.95 , 987.10 , 618.90 ," 1,720.00 "
10-06-2024,"1,221.23", 676.40 , 972.15 , 618.42 ," 1,745.65 "
07-06-2024,"1,212.26", 680.35 , 967.52 , 607.44 ," 1,753.70 "
06-06-2024,"1,178.19", 677.50 , 935.36 , 599.76 ," 1,734.70 "
05-06-2024,"1,164.83", 695.25 , 927.09 , 597.60 ," 1,718.10 "
04-06-2024,"1,146.16", 649.05 , 901.12 , 565.36 ," 1,637.95 "
03-06-2024,"1,156.66", 695.95 , 947.53 , 585.62 ," 1,718.05 "
31-05-2024,"1,158.37", 689.35 , 920.16 , 570.72 ," 1,680.40 "
30-05-2024,"1,174.75", 695.15 , 921.11 , 575.52 ," 1,690.10 "
29-05-2024,"1,200.15", 705.30 , 940.70 , 572.12 ," 1,687.85 "
28-05-2024,"1,193.06", 681.30 , 944.64 , 588.02 ," 1,703.65 "
27-05-2024,"1,174.54", 677.85 , 955.55 , 598.62 ," 1,711.00 "
24-05-2024,"1,173.15", 673.25 , 957.59 , 599.32 ," 1,703.45 "
23-05-2024,"1,179.54", 676.80 , 959.39 , 600.94 ," 1,709.05 "
22-05-2024,"1,174.55", 684.55 , 944.59 , 605.64 ," 1,699.55 "
21-05-2024,"1,155.96", 693.60 , 948.37 , 604.60 ," 1,698.25 "
18-05-2024,"1,162.32", 660.35 , 953.95 , 602.90 ," 1,696.95 "
17-05-2024,"1,159.91", 655.45 , 942.79 , 606.20 ," 1,696.55 "
16-05-2024,"1,170.08", 653.35 , 933.52 , 597.30 ," 1,672.05 "
15-05-2024,"1,175.00", 653.70 , 944.39 , 599.76 ," 1,650.80 "
14-05-2024,"1,173.76", 646.65 , 961.68 , 595.62 ," 1,646.30 "
13-05-2024,"1,181.71", 633.50 , 956.80 , 590.92 ," 1,641.20 "
10-05-2024,"1,184.20", 625.60 ," 1,043.43 ", 585.32 ," 1,627.95 "
09-05-2024,"1,175.47", 619.40 ," 1,027.13 ", 578.02 ," 1,643.10 "
08-05-2024,"1,211.27", 633.50 ," 1,008.99 ", 601.32 ," 1,648.35 "
07-05-2024,"1,251.52", 620.20 , 985.51 , 577.12 ," 1,643.90 "
06-05-2024,"1,258.69", 638.80 ," 1,013.07 ", 602.86 ," 1,624.30 "
03-05-2024,"1,269.91", 647.10 ," 1,010.28 ", 602.68 ," 1,546.70 "
02-05-2024,"1,257.50", 641.45 ," 1,024.64 ", 606.72 ," 1,575.65 "
30-04-2024,"1,240.86", 644.40 ," 1,004.80 ", 591.78 ," 1,623.95 "
29-04-2024,"1,259.42", 650.05 , 997.52 , 594.46 ," 1,640.40 "
26-04-2024,"1,250.42", 649.30 , 996.43 , 583.88 ," 1,608.50 "
25-04-2024,"1,243.75", 646.80 , 998.17 , 576.78 ," 1,642.45 "
24-04-2024,"1,190.16", 636.10 , 988.60 , 578.04 ," 1,842.80 "
23-04-2024,"1,190.42", 611.80 , 983.72 , 572.38 ," 1,813.05 "
22-04-2024,"1,203.22", 618.55 , 970.55 , 572.12 ," 1,809.95 "
19-04-2024,"1,188.57", 614.75 , 960.24 , 558.44 ," 1,792.65 "
18-04-2024,"1,191.43", 612.80 , 968.36 , 559.18 ," 1,786.75 "
16-04-2024,"1,210.07", 608.85 , 989.75 , 561.58 ," 1,792.60 "
15-04-2024,"1,202.17", 612.70 , 995.73 , 552.44 ," 1,798.15 "
12-04-2024,"1,216.77", 598.65 ," 1,015.37 ", 554.34 ," 1,813.05 "
10-04-2024,"1,231.58", 603.05 ," 1,010.38 ", 569.42 ," 1,825.95 "
09-04-2024,"1,233.58", 588.60 ," 1,005.40 ", 573.92 ," 1,780.60 "
08-04-2024,"1,234.91", 576.80 ," 1,010.08 ", 580.04 ," 1,788.40 "
05-04-2024,"1,235.86", 570.05 ," 1,004.00 ", 597.50 ," 1,785.15 "
04-04-2024,"1,228.50", 577.75 ," 1,008.49 ", 605.82 ," 1,749.15 "
03-04-2024,"1,224.88", 576.60 ," 1,006.05 ", 590.36 ," 1,731.15 "
02-04-2024,"1,247.51", 571.20 ," 1,001.56 ", 563.78 ," 1,757.40 "
01-04-2024,"1,250.07", 568.60 , 989.20 , 558.88 ," 1,790.70 "
28-03-2024,"1,231.58", 560.25 , 989.75 , 559.44 ," 1,785.50 "
27-03-2024,"1,208.82", 557.65 , 975.64 , 553.60 ," 1,775.60 "
26-03-2024,"1,226.97", 558.65 , 983.17 , 560.68 ," 1,753.70 "
22-03-2024,"1,240.64", 547.75 , 976.79 , 560.96 ," 1,776.40 "
21-03-2024,"1,225.64", 539.70 , 961.93 , 560.10 ," 1,772.15 "
20-03-2024,"1,220.66", 527.85 , 937.56 , 560.06 ," 1,765.40 "
19-03-2024,"1,226.98", 533.65 , 954.80 , 559.50 ," 1,749.65 "
18-03-2024,"1,268.21", 531.15 , 969.46 , 574.58 ," 1,737.90 "
15-03-2024,"1,256.98", 532.55 , 942.94 , 573.68 ," 1,738.30 "
14-03-2024,"1,258.92", 525.25 , 964.77 , 567.08 ," 1,742.40 "
13-03-2024,"1,260.76", 507.00 , 970.21 , 557.56 ," 1,729.55 "
12-03-2024,"1,260.43", 528.95 ," 1,013.37 ", 569.02 ," 1,720.35 "
11-03-2024,"1,277.49", 533.70 ," 1,024.84 ", 565.70 ," 1,729.65 "
07-03-2024,"1,264.83", 536.70 ," 1,036.10 ", 569.34 ," 1,748.05 "
06-03-2024,"1,262.93", 526.95 ," 1,014.52 ", 573.54 ," 1,759.75 "
05-03-2024,"1,260.66", 522.10 ," 1,018.76 ", 551.82 ," 1,715.70 "
04-03-2024,"1,267.02", 524.95 , 984.16 , 573.66 ," 1,727.20 "
02-03-2024,"1,247.78", 522.85 , 988.35 , 579.50 ," 1,723.70 "
01-03-2024,"1,238.71", 519.10 , 974.39 , 567.14 ," 1,727.70 "
29-02-2024,"1,284.85", 503.85 , 947.28 , 563.40 ," 1,689.45 "
28-02-2024,"1,285.61", 504.40 , 955.10 , 559.14 ," 1,683.60 "
27-02-2024,"1,289.92", 509.65 , 959.74 , 586.80 ," 1,706.75 "
26-02-2024,"1,288.15", 505.05 , 934.07 , 614.50 ," 1,706.30 "
23-02-2024,"1,288.43", 518.35 , 934.52 , 605.80 ," 1,724.00 "
22-02-2024,"1,272.79", 521.15 , 929.43 , 598.88 ," 1,724.75 "
21-02-2024,"1,269.83", 511.80 , 918.22 , 585.68 ," 1,746.10 "
20-02-2024,"1,275.20", 511.60 , 923.50 , 575.00 ," 1,762.50 "
19-02-2024,"1,283.43", 512.30 , 929.73 , 575.32 ," 1,731.40 "
16-02-2024,"1,263.43", 515.70 , 935.71 , 569.22 ," 1,735.25 "
15-02-2024,"1,250.53", 513.20 , 917.72 , 570.12 ," 1,739.25 "
14-02-2024,"1,251.67", 507.80 , 915.47 , 572.28 ," 1,748.95 "
13-02-2024,"1,267.07", 510.10 , 904.11 , 557.80 ," 1,737.15 "
12-02-2024,"1,266.70", 582.45 , 908.80 , 555.74 ," 1,709.55 "
09-02-2024,"1,231.17", 591.30 , 912.18 , 548.00 ," 1,742.45 "
08-02-2024,"1,232.01", 601.30 , 921.46 , 550.14 ," 1,729.70 "
07-02-2024,"1,235.95", 592.25 , 930.93 , 538.08 ," 1,792.60 "
06-02-2024,"1,233.32", 584.90 , 936.66 , 538.86 ," 1,787.00 "
05-02-2024,"1,218.89", 579.90 , 923.95 , 521.00 ," 1,808.35 "
02-02-2024,"1,207.90", 583.50 , 876.05 , 514.30 ," 1,822.95 "
01-02-2024,"1,198.63", 571.25 , 875.80 , 513.80 ," 1,822.75 "
31-01-2024,"1,224.23", 579.35 , 881.48 , 512.16 ," 1,825.25 "
30-01-2024,"1,168.19", 569.25 , 856.21 , 500.48 ," 1,823.60 "
29-01-2024,"1,168.74", 567.90 , 838.41 , 507.82 ," 1,822.90 "
25-01-2024,"1,171.10", 567.20 , 809.35 , 502.96 ," 1,768.40 "
24-01-2024,"1,180.42", 565.15 , 808.41 , 506.54 ," 1,788.60 "
23-01-2024,"1,134.88", 541.40 , 797.99 , 508.70 ," 1,784.50 "
20-01-2024,"1,127.08", 561.05 , 818.90 , 504.16 ," 1,806.80 "
19-01-2024,"1,133.64", 557.10 , 821.02 , 506.94 ," 1,764.30 "
18-01-2024,"1,129.99", 554.90 , 816.53 , 492.06 ," 1,777.25 "
17-01-2024,"1,129.99", 560.25 , 803.07 , 499.40 ," 1,779.65 "
16-01-2024,"1,151.63", 579.55 , 816.33 , 506.44 ," 1,848.00 "
15-01-2024,"1,156.65", 574.65 , 809.95 , 508.68 ," 1,851.50 "
12-01-2024,"1,137.77", 582.05 , 813.94 , 506.02 ," 1,833.25 "
11-01-2024,"1,138.49", 576.95 , 813.14 , 511.24 ," 1,822.85 "
10-01-2024,"1,157.44", 580.05 , 805.96 , 507.48 ," 1,820.80 "
09-01-2024,"1,149.96", 575.95 , 797.34 , 519.02 ," 1,826.65 "
08-01-2024,"1,152.27", 577.65 , 786.67 , 507.80 ," 1,826.10 "
05-01-2024,"1,167.13", 587.00 , 788.52 , 511.66 ," 1,847.60 "
04-01-2024,"1,168.44", 590.50 , 793.30 , 504.00 ," 1,863.60 "
03-01-2024,"1,186.38", 593.05 , 779.05 , 490.32 ," 1,865.90 "
02-01-2024,"1,185.36", 617.00 , 781.99 , 494.46 ," 1,865.05 "
01-01-2024,"1,164.33", 610.40 , 788.17 , 497.00 ," 1,909.15 "
29-12-2023,"1,159.58", 614.85 , 777.55 , 494.76 ," 1,908.10 "
28-12-2023,"1,171.71", 614.30 , 751.58 , 495.12 ," 1,921.35 "
27-12-2023,"1,142.90", 605.60 , 738.62 , 494.82 ," 1,902.35 "
26-12-2023,"1,126.43", 579.85 , 717.34 , 500.02 ," 1,886.85 "
22-12-2023,"1,125.54", 570.45 , 722.47 , 495.44 ," 1,860.50 "
21-12-2023,"1,110.90", 556.25 , 706.67 , 516.52 ," 1,852.70 "
20-12-2023,"1,115.83", 548.20 , 703.08 , 501.36 ," 1,826.50 "
19-12-2023,"1,127.49", 564.85 , 726.71 , 468.66 ," 1,846.55 "
18-12-2023,"1,118.21", 566.40 , 728.55 , 452.80 ," 1,846.95 "
15-12-2023,"1,117.89", 557.25 , 730.15 , 439.60 ," 1,850.60 "
14-12-2023,"1,114.67", 543.10 , 717.54 , 441.68 ," 1,853.85 "
13-12-2023,"1,119.73", 532.85 , 718.08 , 437.10 ," 1,826.20 "
12-12-2023,"1,108.07", 527.45 , 713.20 , 432.04 ," 1,824.35 "
11-12-2023,"1,094.70", 522.40 , 718.58 , 441.70 ," 1,844.05 "
08-12-2023,"1,152.78", 520.35 , 712.35 , 426.78 ," 1,838.45 "
07-12-2023,"1,157.02", 516.05 , 719.73 , 430.80 ," 1,826.85 "
06-12-2023,"1,146.07", 523.00 , 720.23 , 429.42 ," 1,821.40 "
05-12-2023,"1,155.29", 520.65 , 706.77 , 424.74 ," 1,828.45 "
04-12-2023,"1,151.20", 519.25 , 703.43 , 428.18 ," 1,818.55 "
01-12-2023,"1,149.88", 517.20 , 703.28 , 435.62 ," 1,750.50 "
30-11-2023,"1,157.63", 515.65 , 704.23 , 442.00 ," 1,755.45 "
29-11-2023,"1,143.07", 517.45 , 710.16 , 424.34 ," 1,753.45 "
28-11-2023,"1,135.16", 515.60 , 695.35 , 423.98 ," 1,742.25 "
24-11-2023,"1,129.23", 507.80 , 671.63 , 427.26 ," 1,744.00 "
23-11-2023,"1,128.93", 501.95 , 677.86 , 421.84 ," 1,739.30 "
22-11-2023,"1,132.91", 500.25 , 679.10 , 412.54 ," 1,745.65 "
21-11-2023,"1,129.29", 506.85 , 679.60 , 415.12 ," 1,767.20 "
20-11-2023,"1,120.83", 497.30 , 672.23 , 418.94 ," 1,770.55 "
17-11-2023,"1,122.31", 497.75 , 679.45 , 417.38 ," 1,764.60 "
16-11-2023,"1,108.85", 504.30 , 678.31 , 417.82 ," 1,772.85 "
15-11-2023,"1,083.99", 505.40 , 669.48 , 405.68 ," 1,769.50 "
13-11-2023,"1,083.97", 487.50 , 651.24 , 403.50 ," 1,748.20 "
12-11-2023,"1,089.95", 482.45 , 653.55 , 404.84 ," 1,752.50 "
10-11-2023,"1,084.98", 481.30 , 649.05 , 403.62 ," 1,745.45 "
09-11-2023,"1,091.59", 484.45 , 647.35 , 401.02 ," 1,744.95 "
08-11-2023,"1,090.71", 488.05 , 640.57 , 403.54 ," 1,746.25 "
07-11-2023,"1,080.87", 484.55 , 643.02 , 396.48 ," 1,751.25 "
06-11-2023,"1,067.62", 481.95 , 644.06 , 378.26 ," 1,740.20 "
03-11-2023,"1,052.61", 475.20 , 645.51 , 380.74 ," 1,733.25 "
02-11-2023,"1,067.70", 474.20 , 634.49 , 370.46 ," 1,737.70 "
01-11-2023,"1,069.29", 462.70 , 625.77 , 367.30 ," 1,724.40 "
31-10-2023,"1,073.51", 459.50 , 626.72 , 363.52 ," 1,739.40 "
30-10-2023,"1,069.07", 456.65 , 626.57 , 366.58 ," 1,717.50 "
27-10-2023,"1,079.46", 456.15 , 639.08 , 368.58 ," 1,702.70 "
26-10-2023,"1,084.39", 456.65 , 624.62 , 348.98 ," 1,694.85 "
25-10-2023,"1,102.77", 461.20 , 635.89 , 353.68 ," 1,728.05 "
23-10-2023,"1,110.39", 456.70 , 645.36 , 369.10 ," 1,740.75 "
20-10-2023,"1,113.86", 471.75 , 661.16 , 370.48 ," 1,769.60 "
19-10-2023,"1,126.18", 479.95 , 666.74 , 373.84 ," 1,738.45 "
18-10-2023,"1,135.49", 485.05 , 666.44 , 370.14 ," 1,753.40 "
17-10-2023,"1,108.82", 484.35 , 653.68 , 372.04 ," 1,771.55 "
16-10-2023,"1,098.62", 483.40 , 664.15 , 369.06 ," 1,749.75 "
13-10-2023,"1,092.04", 480.60 , 665.05 , 371.80 ," 1,762.00 "
12-10-2023,"1,106.04", 484.40 , 634.99 , 369.88 ," 1,763.85 "
11-10-2023,"1,113.52", 483.90 , 632.05 , 367.06 ," 1,771.40 "
10-10-2023,"1,095.71", 480.65 , 628.61 , 371.18 ," 1,756.10 "
09-10-2023,"1,098.97", 469.80 , 615.45 , 371.58 ," 1,719.30 "
06-10-2023,"1,084.98", 472.60 , 620.53 , 370.82 ," 1,743.90 "
05-10-2023,"1,081.45", 470.55 , 617.69 , 368.44 ," 1,734.25 "
04-10-2023,"1,083.56", 473.40 , 611.71 , 368.18 ," 1,722.05 "
03-10-2023,"1,092.34", 479.95 , 618.54 , 371.32 ," 1,727.05 "
29-09-2023,"1,117.40", 492.65 , 628.26 , 378.28 ," 1,735.70 "
28-09-2023,"1,085.82", 466.85 , 612.21 , 378.36 ," 1,733.20 "
27-09-2023,"1,099.29", 474.95 , 618.24 , 386.84 ," 1,765.15 "
26-09-2023,"1,093.55", 471.50 , 617.89 , 387.02 ," 1,764.10 "
25-09-2023,"1,087.75", 469.35 , 616.80 , 370.40 ," 1,784.40 "
22-09-2023,"1,103.41", 478.85 , 618.54 , 367.30 ," 1,756.45 "
21-09-2023,"1,133.70", 479.55 , 625.12 , 365.80 ," 1,755.70 "
20-09-2023,"1,123.01", 478.30 , 636.54 , 361.86 ," 1,789.45 "
18-09-2023,"1,145.60", 484.50 , 638.68 , 364.84 ," 1,798.35 "
15-09-2023,"1,163.90", 496.55 , 632.30 , 366.26 ," 1,813.90 "
14-09-2023,"1,148.93", 497.35 , 622.68 , 365.76 ," 1,821.55 "
13-09-2023,"1,147.78", 483.20 , 623.97 , 365.32 ," 1,824.60 "
12-09-2023,"1,134.76", 477.75 , 618.89 , 367.98 ," 1,811.20 "
11-09-2023,"1,122.76", 484.85 , 632.90 , 367.84 ," 1,807.90 "
08-09-2023,"1,116.76", 476.15 , 625.32 , 363.96 ," 1,793.20 "
07-09-2023,"1,123.03", 475.10 , 613.01 , 368.20 ," 1,789.00 "
06-09-2023,"1,116.66", 478.15 , 608.37 , 370.20 ," 1,770.30 "
05-09-2023,"1,115.78", 486.10 , 609.27 , 374.32 ," 1,771.05 "
04-09-2023,"1,131.89", 486.65 , 607.13 , 369.22 ," 1,762.20 "
01-09-2023,"1,115.71", 473.25 , 609.32 , 364.18 ," 1,771.10 "
31-08-2023,"1,121.57", 459.85 , 599.15 , 359.80 ," 1,758.75 "
30-08-2023,"1,129.95", 456.75 , 603.69 , 360.22 ," 1,774.90 "
29-08-2023,"1,144.76", 456.05 , 605.28 , 355.58 ," 1,783.10 "
28-08-2023,"1,155.18", 446.30 , 600.55 , 349.80 ," 1,790.35 "
25-08-2023,"1,155.85", 450.00 , 603.24 , 349.54 ," 1,778.85 "
24-08-2023,"1,181.43", 456.50 , 609.07 , 353.92 ," 1,780.95 "
23-08-2023,"1,190.67", 461.25 , 612.01 , 354.90 ," 1,780.05 "
22-08-2023,"1,185.11", 450.35 , 618.29 , 362.40 ," 1,763.10 "
21-08-2023,"1,182.17", 449.40 , 618.59 , 359.72 ," 1,760.35 "
18-08-2023,"1,174.89", 439.50 , 613.91 , 359.70 ," 1,750.80 "
17-08-2023,"1,176.13", 447.60 , 611.86 , 357.46 ," 1,765.70 "
16-08-2023,"1,171.57", 445.20 , 616.85 , 356.14 ," 1,786.20 "
14-08-2023,"1,164.67", 450.80 , 605.48 , 347.26 ," 1,794.10 "
11-08-2023,"1,164.60", 462.45 , 609.92 , 339.76 ," 1,791.45 "
10-08-2023,"1,170.23", 468.90 , 616.35 , 327.40 ," 1,800.85 "
09-08-2023,"1,174.20", 468.90 , 620.64 , 329.28 ," 1,831.50 "
08-08-2023,"1,131.59", 454.75 , 605.43 , 328.10 ," 1,828.00 "
07-08-2023,"1,126.14", 464.85 , 607.63 , 329.64 ," 1,831.55 "
04-08-2023,"1,129.91", 457.00 , 613.11 , 330.12 ," 1,838.50 "
03-08-2023,"1,131.90", 453.30 , 617.05 , 329.04 ," 1,823.25 "
02-08-2023,"1,132.09", 454.50 , 620.73 , 323.24 ," 1,823.70 "
01-08-2023,"1,133.41", 464.10 , 641.67 , 320.28 ," 1,850.00 "
31-07-2023,"1,128.09", 462.60 , 642.32 , 321.76 ," 1,856.55 "
28-07-2023,"1,116.60", 451.50 , 633.35 , 321.70 ," 1,876.85 "
27-07-2023,"1,101.40", 451.40 , 641.72 , 320.22 ," 1,873.75 "
26-07-2023,"1,095.13", 449.00 , 639.13 , 322.76 ," 1,895.30 "
25-07-2023,"1,085.08", 449.50 , 637.48 , 321.84 ," 1,875.50 "
24-07-2023,"1,078.34", 432.95 , 627.31 , 327.08 ," 1,897.25 "
21-07-2023,"1,057.64", 434.50 , 623.83 , 320.08 ," 1,970.20 "
20-07-2023,"1,067.86", 441.55 , 619.74 , 325.04 ," 1,956.90 "
19-07-2023,"1,044.27", 439.20 , 618.69 , 327.94 ," 1,906.60 "
18-07-2023,"1,038.20", 444.50 , 610.22 , 329.64 ," 1,890.85 "
17-07-2023,"1,045.95", 447.10 , 616.60 , 331.56 ," 1,897.05 "
14-07-2023,"1,018.41", 446.95 , 622.98 , 333.14 ," 1,869.00 "
13-07-2023,"1,028.49", 435.20 , 618.74 , 333.14 ," 1,869.70 "
12-07-2023,"1,037.80", 424.85 , 619.54 , 336.70 ," 1,878.10 "
11-07-2023,"1,033.17", 424.65 , 626.57 , 330.10 ," 1,866.60 "
10-07-2023,"1,030.99", 427.85 , 616.75 , 324.90 ," 1,866.90 "
07-07-2023,"1,036.50", 422.70 , 616.30 , 328.46 ," 1,853.50 "
06-07-2023,"1,046.36", 426.40 , 598.95 , 325.54 ," 1,877.30 "
05-07-2023,"1,035.67", 421.50 , 586.44 , 330.26 ," 1,864.85 "
04-07-2023,"1,037.68", 425.80 , 589.63 , 321.62 ," 1,861.70 "
03-07-2023,"1,019.66", 425.65 , 588.98 , 327.34 ," 1,843.95 "
30-06-2023,"1,031.92", 420.95 , 593.72 , 321.02 ," 1,846.55 "
28-06-2023,"1,021.57", 420.20 , 584.84 , 317.42 ," 1,840.55 "
27-06-2023,"1,005.12", 417.75 , 571.34 , 319.76 ," 1,844.70 "
26-06-2023,"1,008.32", 414.70 , 566.10 , 319.68 ," 1,822.95 "
23-06-2023,998.78, 408.50 , 557.93 , 306.44 ," 1,828.55 "
22-06-2023,979.89, 420.05 , 567.60 , 321.42 ," 1,836.10 "
21-06-2023,982.08, 420.95 , 579.61 , 327.88 ," 1,845.55 "
20-06-2023,980.24, 428.95 , 581.46 , 325.34 ," 1,844.00 "
19-06-2023,975.8, 426.15 , 564.31 , 320.54 ," 1,824.55 "
16-06-2023,983.01, 426.95 , 568.05 , 328.50 ," 1,857.40 "
15-06-2023,960.69, 423.05 , 566.70 , 330.88 ," 1,833.50 "
14-06-2023,939.8, 425.05 , 568.55 , 323.00 ," 1,864.65 "
13-06-2023,940.4, 421.40 , 560.47 , 323.00 ," 1,855.95 "
12-06-2023,935.13, 416.80 , 562.41 , 319.21 ," 1,879.45 "
09-06-2023,933.36, 415.05 , 560.57 , 318.28 ," 1,872.00 "
08-06-2023,929.88, 418.25 , 557.98 , 316.37 ," 1,886.50 "
07-06-2023,934.75, 422.60 , 566.20 , 329.53 ," 1,939.40 "
06-06-2023,927.33, 415.55 , 554.04 , 337.39 ," 1,959.05 "
05-06-2023,920.71, 419.70 , 544.57 , 341.02 ," 1,924.90 "
02-06-2023,922.09, 420.75 , 534.25 , 339.03 ," 1,938.75 "
01-06-2023,910.41, 406.35 , 533.55 , 337.80 ," 1,930.05 "
31-05-2023,900.21, 405.90 , 524.68 , 338.89 ," 2,014.35 "
30-05-2023,903.78, 413.10 , 517.20 , 329.66 ," 1,974.70 "
29-05-2023,911.25, 419.90 , 519.85 , 338.35 ," 1,953.20 "
26-05-2023,906.19, 413.55 , 516.85 , 340.39 ," 1,945.05 "
25-05-2023,900.79, 404.25 , 513.27 , 323.53 ," 1,929.95 "
24-05-2023,903.85, 406.90 , 518.60 , 322.96 ," 1,910.35 "
23-05-2023,892.11, 410.30 , 526.87 , 311.17 ," 1,921.50 "
22-05-2023,891.53, 407.70 , 520.89 , 316.90 ," 1,940.20 "
19-05-2023,878.39, 406.75 , 523.34 , 317.51 ," 1,941.65 "
18-05-2023,884.62, 406.50 , 506.89 , 315.23 ," 1,927.40 "
17-05-2023,896.3, 407.70 , 513.91 , 317.55 ," 1,909.15 "
16-05-2023,903.01, 412.45 , 519.55 , 314.81 ," 1,947.05 "
15-05-2023,903.71, 410.70 , 529.22 , 311.72 ," 1,973.00 "
12-05-2023,893.22, 404.75 , 514.36 , 311.19 ," 1,960.60 "
11-05-2023,906.4, 420.85 , 510.03 , 315.92 ," 1,957.95 "
10-05-2023,973.46, 436.45 , 507.93 , 321.28 ," 1,958.70 "
09-05-2023,986.65, 440.35 , 502.10 , 301.09 ," 1,954.30 "
08-05-2023,981.42, 445.05 , 498.96 , 291.29 ," 1,958.85 "
05-05-2023,988.5, 434.25 , 475.63 , 290.52 ," 1,928.70 "
04-05-2023,993.6, 445.50 , 479.32 , 288.52 ," 1,947.60 "
03-05-2023,990.45, 442.30 , 482.21 , 286.04 ," 1,930.95 "
02-05-2023,990.08, 446.15 , 478.77 , 283.02 ," 1,921.15 "
28-04-2023,985.97, 436.10 , 483.46 , 289.04 ," 1,938.05 "
27-04-2023,983.71, 430.80 , 480.12 , 292.67 ," 1,908.60 "
26-04-2023,969.02, 424.80 , 476.73 , 289.77 ," 1,878.60 "
25-04-2023,966.66, 429.80 , 472.09 , 287.45 ," 1,889.30 "
24-04-2023,961.22, 427.80 , 473.74 , 289.94 ," 1,897.25 "
21-04-2023,973.75, 422.35 , 469.75 , 279.44 ," 1,893.65 "
20-04-2023,971.64, 429.85 , 475.33 , 276.35 ," 1,884.00 "
19-04-2023,981.87, 433.05 , 467.96 , 288.01 ," 1,884.90 "
18-04-2023,982.48, 431.55 , 471.55 , 282.90 ," 1,888.30 "
17-04-2023,970.46, 428.70 , 470.70 , 290.42 ," 1,895.15 "
13-04-2023,970.58, 422.05 , 468.06 , 285.91 ," 1,869.50 "
12-04-2023,976.2, 417.65 , 464.07 , 289.48 ," 1,844.05 "
11-04-2023,952.67, 417.55 , 457.29 , 287.65 ," 1,846.50 "
10-04-2023,951.93, 411.45 , 459.88 , 282.74 ," 1,759.30 "
06-04-2023,939.88, 405.25 , 436.30 , 278.70 ," 1,757.10 "
05-04-2023,936.56, 403.30 , 425.24 , 290.80 ," 1,751.90 "
03-04-2023,931.3, 402.55 , 422.95 , 282.89 ," 1,745.70 "
31-03-2023,924.55, 405.35 , 419.51 , 277.40 ," 1,732.85 "
29-03-2023,913.56, 399.05 , 407.94 , 271.49 ," 1,721.05 "
28-03-2023,905.36, 392.90 , 400.36 , 270.96 ," 1,698.90 "
27-03-2023,897.13, 389.95 , 410.78 , 271.76 ," 1,705.20 "
24-03-2023,892.83, 388.40 , 415.22 , 270.40 ," 1,692.15 "
23-03-2023,889.39, 398.80 , 417.86 , 271.02 ," 1,679.70 "
22-03-2023,894.99, 392.75 , 414.82 , 270.91 ," 1,705.15 "
21-03-2023,883.87, 388.55 , 411.28 , 268.69 ," 1,706.85 "
20-03-2023,887.89, 385.75 , 409.49 , 260.59 ," 1,699.65 "
17-03-2023,887.23, 396.70 , 417.71 , 263.24 ," 1,693.10 "
16-03-2023,876.75, 384.95 , 414.42 , 261.23 ," 1,663.55 "
15-03-2023,878.9, 406.15 , 410.08 , 269.13 ," 1,665.95 "
14-03-2023,869.91, 402.70 , 415.37 , 262.50 ," 1,648.25 "
13-03-2023,874.08, 402.25 , 421.10 , 262.51 ," 1,673.90 "
10-03-2023,879.11, 405.65 , 434.51 , 268.76 ," 1,699.30 "
09-03-2023,876.19, 408.85 , 430.87 , 269.15 ," 1,716.70 "
08-03-2023,885.25, 407.75 , 437.95 , 270.00 ," 1,740.20 "
06-03-2023,887.84, 414.50 , 438.75 , 270.22 ," 1,751.00 "
03-03-2023,887.59, 416.90 , 426.68 , 271.70 ," 1,751.00 "
02-03-2023,878.12, 410.80 , 419.16 , 268.45 ," 1,721.70 "
01-03-2023,868.84, 413.05 , 424.69 , 268.78 ," 1,744.90 "
28-02-2023,863.32, 399.20 , 419.41 , 260.15 ," 1,729.25 "
27-02-2023,884.2, 411.80 , 416.66 , 257.39 ," 1,725.95 "
24-02-2023,898.22, 415.25 , 426.43 , 258.31 ," 1,697.30 "
23-02-2023,889.92, 436.45 , 431.87 , 260.14 ," 1,707.15 "
22-02-2023,895.34, 429.70 , 428.13 , 261.35 ," 1,700.55 "
21-02-2023,897.23, 431.50 , 435.16 , 264.90 ," 1,730.20 "
20-02-2023,894.96, 434.25 , 441.64 , 261.50 ," 1,737.30 "
17-02-2023,902.07, 429.50 , 438.55 , 256.64 ," 1,759.25 "
16-02-2023,903.86, 434.70 , 440.24 , 254.92 ," 1,787.95 "
15-02-2023,903.97, 433.95 , 442.78 , 255.78 ," 1,785.50 "
14-02-2023,907.68, 434.80 , 439.20 , 252.26 ," 1,770.35 "
13-02-2023,904.94, 427.70 , 439.69 , 256.81 ," 1,773.80 "
10-02-2023,899.92, 433.15 , 444.48 , 254.36 ," 1,772.05 "
09-02-2023,897.5, 444.55 , 435.41 , 254.74 ," 1,770.90 "
08-02-2023,897.56, 436.50 , 438.75 , 262.10 ," 1,765.50 "
07-02-2023,888.05, 429.55 , 434.11 , 260.82 ," 1,775.40 "
06-02-2023,869.91, 447.35 , 440.64 , 244.37 ," 1,747.00 "
03-02-2023,871.67, 459.65 , 444.08 , 230.98 ," 1,780.30 "
02-02-2023,874.02, 465.40 , 443.43 , 230.79 ," 1,761.75 "
01-02-2023,870.3, 467.85 , 445.28 , 234.57 ," 1,744.70 "
31-01-2023,864.83, 468.40 , 450.71 , 229.25 ," 1,731.00 "
30-01-2023,865.76, 472.35 , 442.29 , 238.91 ," 1,726.25 "
27-01-2023,862.8, 479.00 , 444.23 , 248.51 ," 1,713.10 "
25-01-2023,840.19, 489.10 , 417.76 , 247.93 ," 1,749.80 "
24-01-2023,850.55, 484.65 , 420.85 , 249.71 ," 1,760.25 "
23-01-2023,867.57, 494.20 , 407.14 , 247.37 ," 1,783.75 "
20-01-2023,870.12, 489.95 , 401.91 , 246.53 ," 1,762.90 "
19-01-2023,866.44, 498.90 , 399.52 , 244.91 ," 1,767.30 "
18-01-2023,872.87, 502.95 , 407.14 , 243.46 ," 1,799.10 "
17-01-2023,870.35, 487.90 , 414.02 , 242.06 ," 1,797.65 "
16-01-2023,865.21, 483.05 , 411.73 , 241.47 ," 1,784.80 "
13-01-2023,864.08, 488.50 , 410.23 , 227.15 ," 1,780.30 "
12-01-2023,862.12, 485.65 , 410.98 , 237.42 ," 1,779.50 "
11-01-2023,852.38, 490.95 , 416.91 , 245.01 ," 1,801.85 "
10-01-2023,857.74, 477.55 , 411.63 , 257.46 ," 1,795.55 "
09-01-2023,866.8, 470.75 , 388.25 , 261.75 ," 1,811.90 "
06-01-2023,854.35, 462.65 , 380.83 , 260.18 ," 1,786.80 "
05-01-2023,859.5, 465.70 , 385.71 , 261.77 ," 1,820.30 "
04-01-2023,850.7, 461.50 , 384.41 , 261.71 ," 1,820.75 "
03-01-2023,847.67, 479.90 , 392.69 , 261.34 ," 1,832.85 "
02-01-2023,847.01, 487.05 , 393.59 , 266.62 ," 1,825.05 "
30-12-2022,847.51, 473.35 , 386.76 , 264.51 ," 1,827.25 "
29-12-2022,852.12, 469.90 , 384.71 , 271.44 ," 1,818.75 "
28-12-2022,850.55, 465.95 , 390.10 , 264.69 ," 1,820.10 "
27-12-2022,850.17, 471.00 , 392.94 , 263.78 ," 1,820.90 "
26-12-2022,849.72, 442.95 , 383.62 , 270.54 ," 1,813.55 "
23-12-2022,862.09, 429.55 , 377.19 , 257.52 ," 1,821.95 "
22-12-2022,869.85, 455.50 , 393.24 , 276.11 ," 1,826.05 "
21-12-2022,881.51, 457.15 , 401.36 , 274.23 ," 1,814.60 "
20-12-2022,873.95, 457.05 , 409.24 , 278.26 ," 1,847.10 "
19-12-2022,879.21, 460.15 , 416.71 , 282.78 ," 1,858.15 "
16-12-2022,861.82, 456.75 , 420.30 , 279.33 ," 1,840.55 "
15-12-2022,893.79, 461.00 , 415.42 , 276.63 ," 1,863.20 "
14-12-2022,900.91, 469.30 , 416.61 , 277.77 ," 1,873.20 "
13-12-2022,891.63, 458.10 , 417.21 , 274.65 ," 1,868.50 "
12-12-2022,890.45, 461.95 , 412.88 , 275.25 ," 1,865.75 "
09-12-2022,881.42, 462.85 , 412.03 , 282.05 ," 1,888.05 "
08-12-2022,871.24, 471.65 , 415.92 , 273.35 ," 1,897.00 "
07-12-2022,872.3, 464.30 , 418.81 , 261.78 ," 1,911.45 "
06-12-2022,874.84, 470.00 , 425.79 , 261.92 ," 1,935.25 "
05-12-2022,895.88, 481.20 , 427.43 , 270.56 ," 1,938.45 "
02-12-2022,902.08, 461.10 , 434.06 , 263.72 ," 1,930.80 "
01-12-2022,894.87, 463.40 , 436.90 , 252.84 ," 1,934.30 "
30-11-2022,897.43, 450.70 , 438.05 , 249.95 ," 1,947.05 "
29-11-2022,890.67, 435.95 , 431.82 , 229.23 ," 1,925.55 "
28-11-2022,880.4, 431.15 , 431.92 , 236.66 ," 1,928.15 "
25-11-2022,883.62, 440.65 , 431.87 , 230.39 ," 1,928.40 "
24-11-2022,882.77, 438.35 , 422.10 , 235.14 ," 1,944.85 "
23-11-2022,881.13, 433.35 , 422.75 , 232.90 ," 1,953.35 "
22-11-2022,872.5, 430.65 , 423.39 , 231.04 ," 1,939.75 "
21-11-2022,869.97, 430.55 , 419.80 , 220.66 ," 1,944.10 "
18-11-2022,881.81, 438.60 , 422.50 , 228.78 ," 1,959.55 "
17-11-2022,884.26, 440.45 , 421.85 , 229.59 ," 1,950.55 "
16-11-2022,896.2, 447.40 , 430.22 , 226.32 ," 1,965.90 "
15-11-2022,886.74, 456.90 , 435.80 , 218.52 ," 1,912.40 "
14-11-2022,872.73, 455.55 , 432.37 , 216.86 ," 1,922.80 "
11-11-2022,907.89, 429.85 , 422.20 , 221.28 ," 1,899.10 "
10-11-2022,909.89, 415.10 , 410.93 , 227.81 ," 1,912.15 "
09-11-2022,906.98, 417.10 , 431.82 , 229.61 ," 1,893.40 "
07-11-2022,897.09, 437.50 , 433.66 , 228.32 ," 1,882.60 "
04-11-2022,905.02, 430.55 , 424.04 , 227.78 ," 1,899.95 "
03-11-2022,917.98, 410.35 , 414.97 , 237.80 ," 1,900.15 "
02-11-2022,911.13, 421.30 , 420.85 , 225.50 ," 1,909.95 "
01-11-2022,907.06, 414.40 , 420.05 , 221.40 ," 1,909.20 "
31-10-2022,886.74, 405.65 , 411.48 , 209.81 ," 1,901.95 "
28-10-2022,891.99, 404.95 , 408.64 , 208.01 ," 1,884.25 "
27-10-2022,898.24, 412.40 , 406.45 , 210.46 ," 1,865.00 "
25-10-2022,888.47, 398.40 , 403.31 , 206.54 ," 1,846.60 "
24-10-2022,875.5, 395.55 , 400.36 , 205.95 ," 1,895.80 "
21-10-2022,866.16, 393.75 , 396.83 , 202.62 ," 1,902.65 "
20-10-2022,869.81, 395.20 , 396.88 , 203.91 ," 1,863.55 "
19-10-2022,863.38, 390.30 , 397.82 , 203.23 ," 1,869.35 "
18-10-2022,871.31, 393.45 , 403.01 , 199.86 ," 1,859.70 "
17-10-2022,867.04, 388.30 , 394.88 , 198.19 ," 1,858.15 "
14-10-2022,862.16, 397.15 , 395.03 , 205.30 ," 1,834.00 "
13-10-2022,850.93, 401.55 , 397.77 , 213.56 ," 1,801.50 "
12-10-2022,848.23, 400.20 , 395.33 , 213.67 ," 1,810.20 "
11-10-2022,856.55, 396.05 , 392.14 , 209.06 ," 1,787.90 "
10-10-2022,876, 407.50 , 394.73 , 217.92 ," 1,808.25 "
07-10-2022,875.33, 411.10 , 410.88 , 227.05 ," 1,825.40 "
06-10-2022,879.51, 412.65 , 412.83 , 228.54 ," 1,818.90 "
04-10-2022,882.79, 394.05 , 406.64 , 228.61 ," 1,822.25 "
03-10-2022,883.93, 380.95 , 396.43 , 214.04 ," 1,783.90 "
30-09-2022,867.14, 390.55 , 403.36 , 208.84 ," 1,819.20 "
29-09-2022,872.14, 371.20 , 401.01 , 206.63 ," 1,765.30 "
28-09-2022,853.94, 360.75 , 397.87 , 205.94 ," 1,792.60 "
27-09-2022,836.32, 373.60 , 397.57 , 207.71 ," 1,799.30 "
26-09-2022,825.57, 373.40 , 396.28 , 217.38 ," 1,829.00 "
23-09-2022,827.84, 396.35 , 421.80 , 231.79 ," 1,862.70 "
22-09-2022,836.48, 412.10 , 430.87 , 234.10 ," 1,892.75 "
21-09-2022,830.55, 411.35 , 426.33 , 224.88 ," 1,918.50 "
20-09-2022,843.2, 421.45 , 432.91 , 224.53 ," 1,939.75 "
19-09-2022,819.83, 412.15 , 424.14 , 216.22 ," 1,929.50 "
16-09-2022,815.47, 412.50 , 431.17 , 220.47 ," 1,930.30 "
15-09-2022,833.8, 424.40 , 445.87 , 218.87 ," 1,934.15 "
14-09-2022,842.83, 442.00 , 448.82 , 214.44 ," 1,954.70 "
13-09-2022,850.58, 436.65 , 455.39 , 215.14 ," 1,923.40 "
12-09-2022,852.23, 431.15 , 449.61 , 213.42 ," 1,924.00 "
09-09-2022,851.02, 426.00 , 444.53 , 216.04 ," 1,926.35 "
08-09-2022,854.33, 420.55 , 440.84 , 219.65 ," 1,930.05 "
07-09-2022,849.86, 432.85 , 444.48 , 216.58 ," 1,908.25 "
06-09-2022,847.84, 430.95 , 456.34 , 218.75 ," 1,915.70 "
05-09-2022,842.85, 429.30 , 457.59 , 206.68 ," 1,937.90 "
02-09-2022,837.99, 414.90 , 460.33 , 206.32 ," 1,918.85 "
01-09-2022,840.42, 421.95 , 465.46 , 208.44 ," 1,902.85 "
30-08-2022,849.01, 439.00 , 469.65 , 206.83 ," 1,915.45 "
29-08-2022,842.03, 430.20 , 451.95 , 200.44 ," 1,850.00 "
26-08-2022,844.66, 440.05 , 463.62 , 204.68 ," 1,902.05 "
25-08-2022,847.58, 432.75 , 457.79 , 205.66 ," 1,868.75 "
24-08-2022,843.61, 428.85 , 461.77 , 206.18 ," 1,867.60 "
23-08-2022,845.03, 427.90 , 459.03 , 192.71 ," 1,855.75 "
22-08-2022,837.39, 418.50 , 453.20 , 183.95 ," 1,832.05 "
19-08-2022,840.8, 427.35 , 469.55 , 197.63 ," 1,877.00 "
18-08-2022,845.02, 438.05 , 483.31 , 208.18 ," 1,904.50 "
17-08-2022,863.18, 438.95 , 483.91 , 207.30 ," 1,839.70 "
16-08-2022,859.56, 428.90 , 488.34 , 207.85 ," 1,846.35 "
12-08-2022,852.16, 436.25 , 476.08 , 205.10 ," 1,841.20 "
11-08-2022,851.66, 433.50 , 475.18 , 200.53 ," 1,853.50 "
10-08-2022,848.66, 440.10 , 474.09 , 200.60 ," 1,828.35 "
08-08-2022,844.67, 421.40 , 466.81 , 202.33 ," 1,844.50 "
05-08-2022,831.37, 410.80 , 463.82 , 205.05 ," 1,833.90 "
04-08-2022,829.59, 421.70 , 467.46 , 200.75 ," 1,835.55 "
03-08-2022,819.26, 414.25 , 466.36 , 188.52 ," 1,851.10 "
02-08-2022,817.08, 418.40 , 474.79 , 183.12 ," 1,884.60 "
01-08-2022,822.09, 424.00 , 477.73 , 185.22 ," 1,855.75 "
29-07-2022,818.07, 415.05 , 448.22 , 176.54 ," 1,810.35 "
28-07-2022,852.01, 392.40 , 440.89 , 175.25 ," 1,828.50 "
27-07-2022,857.21, 388.65 , 442.68 , 173.98 ," 1,754.10 "
26-07-2022,842.4, 381.90 , 439.79 , 175.63 ," 1,761.60 "
25-07-2022,866.11, 387.05 , 448.17 , 174.99 ," 1,795.55 "
22-07-2022,874.7, 381.25 , 453.50 , 174.46 ," 1,827.10 "
21-07-2022,874.22, 375.95 , 453.45 , 174.39 ," 1,800.55 "
20-07-2022,891.75, 369.35 , 452.05 , 178.67 ," 1,827.75 "
19-07-2022,889.58, 367.95 , 447.67 , 175.82 ," 1,834.95 "
18-07-2022,893.22, 367.10 , 449.51 , 171.23 ," 1,845.65 "
15-07-2022,909.2, 350.55 , 438.85 , 165.32 ," 1,787.70 "
14-07-2022,915.08, 349.10 , 426.73 , 166.96 ," 1,770.05 "
13-07-2022,900.32, 348.90 , 425.79 , 174.94 ," 1,742.05 "
12-07-2022,896.74, 346.90 , 429.23 , 170.69 ," 1,718.95 "
11-07-2022,900.2, 356.20 , 435.71 , 171.05 ," 1,741.25 "
08-07-2022,881.24, 357.55 , 440.19 , 169.71 ," 1,744.75 "
07-07-2022,867.29, 361.65 , 429.52 , 165.44 ," 1,738.50 "
06-07-2022,878, 340.95 , 415.07 , 164.20 ," 1,704.50 "
05-07-2022,878.84, 345.25 , 410.73 , 159.07 ," 1,663.05 "
04-07-2022,870.89, 340.50 , 407.19 , 157.22 ," 1,670.90 "
01-07-2022,877.18, 341.15 , 411.43 , 158.80 ," 1,667.75 "
30-06-2022,878.76, 338.65 , 411.80 , 158.11 ," 1,661.10 "
29-06-2022,872.87, 344.15 , 416.95 , 157.02 ," 1,642.45 "
28-06-2022,874.92, 343.55 , 417.10 , 155.99 ," 1,668.80 "
27-06-2022,864.11, 329.95 , 414.50 , 155.27 ," 1,691.55 "
24-06-2022,861.93, 322.30 , 409.30 , 154.10 ," 1,698.40 "
23-06-2022,858.98, 317.60 , 407.20 , 150.71 ," 1,684.10 "
22-06-2022,852.18, 316.45 , 393.10 , 149.70 ," 1,669.70 "
21-06-2022,853.73, 339.25 , 397.60 , 147.74 ," 1,681.50 "
20-06-2022,830.36, 321.50 , 382.70 , 150.47 ," 1,679.20 "
17-06-2022,829.34, 333.70 , 388.95 , 150.21 ," 1,673.60 "
16-06-2022,857.5, 336.10 , 392.95 , 155.83 ," 1,675.80 "
15-06-2022,867.1, 357.50 , 414.10 , 157.37 ," 1,736.65 "
14-06-2022,862.21, 358.30 , 405.15 , 154.74 ," 1,739.70 "
13-06-2022,853.44, 366.45 , 406.70 , 149.61 ," 1,737.35 "
10-06-2022,870.31, 385.75 , 428.05 , 150.90 ," 1,791.80 "
09-06-2022,864.58, 399.75 , 428.50 , 148.00 ," 1,865.20 "
08-06-2022,839.83, 403.50 , 435.65 , 148.95 ," 1,845.50 "
07-06-2022,828.79, 404.20 , 435.85 , 148.62 ," 1,858.15 "
06-06-2022,861.15, 409.15 , 432.35 , 146.61 ," 1,869.30 "
03-06-2022,868, 406.75 , 431.90 , 146.73 ," 1,858.65 "
02-06-2022,866.63, 409.90 , 439.15 , 151.87 ," 1,857.65 "
01-06-2022,863.8, 410.65 , 444.60 , 147.88 ," 1,865.10 "
31-05-2022,873.93, 422.55 , 443.55 , 140.87 ," 1,846.85 "
30-05-2022,874.06, 416.75 , 442.40 , 145.03 ," 1,903.20 "
27-05-2022,878.1, 409.15 , 429.60 , 145.28 ," 1,946.20 "
26-05-2022,860.83, 407.85 , 420.65 , 142.76 ," 1,908.65 "
25-05-2022,861.49, 396.85 , 417.00 , 141.81 ," 1,907.55 "
24-05-2022,869.42, 400.80 , 425.75 , 147.87 ," 1,882.60 "
23-05-2022,854.99, 413.15 , 421.45 , 143.87 ," 1,854.30 "
20-05-2022,849.82, 429.10 , 418.00 , 147.11 ," 1,829.15 "
19-05-2022,785.89, 417.00 , 398.65 , 141.49 ," 1,783.40 "
18-05-2022,781.16, 436.10 , 415.15 , 147.09 ," 1,846.80 "
17-05-2022,780.8, 428.40 , 424.15 , 147.99 ," 1,840.30 "
16-05-2022,777.68, 390.95 , 405.35 , 147.25 ," 1,812.85 "
13-05-2022,784.86, 388.00 , 404.30 , 145.47 ," 1,779.55 "
12-05-2022,776, 405.85 , 372.30 , 141.90 ," 1,760.90 "
11-05-2022,776.81, 422.55 , 388.15 , 139.92 ," 1,809.95 "
10-05-2022,782.8, 423.00 , 391.75 , 144.24 ," 1,797.15 "
09-05-2022,781.16, 444.10 , 403.95 , 141.19 ," 1,767.50 "
06-05-2022,786.13, 443.75 , 408.55 , 143.41 ," 1,775.30 "
05-05-2022,792.76, 461.60 , 426.30 , 146.57 ," 1,797.60 "
04-05-2022,798.47, 461.65 , 423.50 , 145.33 ," 1,775.60 "
02-05-2022,824.78, 484.40 , 432.85 , 147.31 ," 1,774.35 "
29-04-2022,826.39, 482.65 , 437.60 , 144.47 ," 1,790.75 "
28-04-2022,824.43, 488.60 , 436.05 , 141.28 ," 1,765.65 "
27-04-2022,815.41, 492.30 , 430.25 , 138.19 ," 1,741.50 "
26-04-2022,830.91, 493.45 , 434.90 , 142.76 ," 1,742.70 "
25-04-2022,823.09, 495.50 , 425.15 , 145.97 ," 1,728.85 "
22-04-2022,838.55, 514.15 , 438.85 , 138.65 ," 1,727.75 "
21-04-2022,864.06, 540.25 , 448.05 , 140.79 ," 1,760.85 "
20-04-2022,858.68, 545.00 , 440.55 , 142.69 ," 1,721.30 "
19-04-2022,841.94, 540.80 , 424.95 , 139.57 ," 1,707.50 "
18-04-2022,856.99, 545.35 , 433.80 , 141.17 ," 1,750.40 "
13-04-2022,859.84, 546.75 , 431.05 , 134.81 ," 1,779.60 "
12-04-2022,874.47, 542.35 , 438.30 , 131.19 ," 1,801.85 "
11-04-2022,876.1, 576.35 , 452.05 , 127.07 ," 1,783.45 "
08-04-2022,886.07, 581.75 , 452.05 , 128.30 ," 1,784.50 "
07-04-2022,863.48, 574.75 , 449.50 , 128.03 ," 1,766.45 "
06-04-2022,855.35, 581.25 , 456.15 , 129.79 ," 1,779.40 "
05-04-2022,865.98, 586.85 , 458.05 , 127.27 ," 1,802.20 "
04-04-2022,863.43, 587.50 , 446.75 , 126.97 ," 1,836.05 "
01-04-2022,855.89, 570.50 , 441.15 , 125.19 ," 1,776.65 "
31-03-2022,859.09, 569.50 , 433.75 , 125.51 ," 1,753.85 "
30-03-2022,870.88, 599.80 , 435.65 , 128.11 ," 1,763.10 "
29-03-2022,864.71, 631.30 , 433.70 , 124.54 ," 1,730.00 "
28-03-2022,857.09, 630.20 , 432.70 , 125.17 ," 1,725.20 "
25-03-2022,872.29, 622.70 , 432.10 , 127.68 ," 1,722.25 "
24-03-2022,865.7, 621.95 , 433.20 , 129.20 ," 1,714.15 "
23-03-2022,825.46, 608.45 , 435.80 , 131.47 ," 1,769.75 "
22-03-2022,806.07, 593.45 , 440.35 , 128.08 ," 1,807.85 "
21-03-2022,800.99, 589.95 , 427.95 , 125.77 ," 1,777.10 "
17-03-2022,808.43, 576.80 , 433.80 , 126.52 ," 1,820.00 "
16-03-2022,788.76, 572.70 , 424.90 , 125.44 ," 1,760.50 "
15-03-2022,779.97, 559.75 , 413.65 , 123.33 ," 1,733.75 "
14-03-2022,791.46, 590.80 , 411.70 , 119.92 ," 1,788.75 "
11-03-2022,795.12, 589.10 , 418.15 , 121.38 ," 1,763.00 "
10-03-2022,778.5, 593.80 , 419.60 , 122.99 ," 1,754.35 "
09-03-2022,786.09, 588.05 , 405.90 , 120.80 ," 1,739.10 "
08-03-2022,773.71, 589.95 , 391.75 , 121.40 ," 1,723.10 "
07-03-2022,753.88, 619.75 , 394.00 , 120.63 ," 1,711.90 "
04-03-2022,765.73, 583.80 , 417.25 , 124.19 ," 1,752.15 "
03-03-2022,743.77, 606.30 , 437.10 , 131.24 ," 1,792.25 "
02-03-2022,770.63, 600.10 , 447.60 , 130.11 ," 1,806.00 "
28-02-2022,812.68, 573.75 , 454.05 , 126.07 ," 1,842.75 "
25-02-2022,835.32, 533.90 , 459.75 , 124.29 ," 1,856.70 "
24-02-2022,818.5, 517.65 , 427.95 , 117.95 ," 1,794.85 "
23-02-2022,840.19, 518.70 , 477.00 , 122.89 ," 1,886.10 "
22-02-2022,843.7, 516.20 , 478.25 , 122.34 ," 1,841.75 "
21-02-2022,859.65, 512.00 , 494.45 , 125.36 ," 1,827.10 "
18-02-2022,864.23, 529.60 , 493.15 , 127.17 ," 1,826.55 "
17-02-2022,860.2, 532.55 , 499.95 , 124.09 ," 1,817.30 "
16-02-2022,863.29, 529.30 , 498.45 , 125.21 ," 1,830.05 "
15-02-2022,855.51, 533.85 , 504.00 , 121.65 ," 1,813.10 "
14-02-2022,840.92, 521.25 , 471.45 , 121.51 ," 1,746.85 "
11-02-2022,865.08, 542.70 , 498.85 , 124.87 ," 1,828.25 "
10-02-2022,874.14, 547.25 , 507.45 , 118.85 ," 1,867.20 "
09-02-2022,873.75, 542.30 , 501.25 , 123.63 ," 1,835.00 "
08-02-2022,864.39, 526.80 , 492.75 , 126.09 ," 1,817.80 "
07-02-2022,861.84, 522.60 , 494.60 , 125.53 ," 1,828.45 "
04-02-2022,870.39, 525.15 , 500.60 , 126.69 ," 1,884.20 "
03-02-2022,874.93, 512.65 , 504.50 , 126.09 ," 1,909.05 "
02-02-2022,883.07, 513.95 , 506.40 , 125.42 ," 1,942.60 "
01-02-2022,861.89, 511.00 , 504.30 , 122.37 ," 1,882.30 "
31-01-2022,860.56, 489.05 , 517.75 , 120.65 ," 1,857.25 "
28-01-2022,843.72, 490.35 , 497.30 , 118.20 ," 1,898.30 "
27-01-2022,851.27, 489.15 , 494.40 , 115.20 ," 1,889.25 "
25-01-2022,880.57, 485.75 , 490.55 , 116.36 ," 1,854.65 "
24-01-2022,872.87, 478.40 , 478.45 , 120.09 ," 1,830.90 "
21-01-2022,899.23, 506.70 , 501.85 , 122.11 ," 1,893.75 "
20-01-2022,918.31, 503.40 , 515.70 , 125.32 ," 1,892.60 "
19-01-2022,936.99, 504.80 , 520.85 , 125.33 ," 1,905.65 "
18-01-2022,938.71, 496.00 , 510.80 , 123.10 ," 1,942.15 "
17-01-2022,934.48, 505.95 , 525.00 , 125.67 ," 1,937.45 "
14-01-2022,937.84, 506.35 , 509.90 , 123.82 ," 1,938.20 "
13-01-2022,945.19, 507.50 , 511.95 , 120.74 ," 1,926.35 "
12-01-2022,938.68, 497.95 , 507.25 , 121.25 ," 1,956.60 "
11-01-2022,933.85, 486.35 , 501.30 , 115.93 ," 1,936.80 "
10-01-2022,939.81, 492.90 , 503.70 , 113.30 ," 1,947.95 "
07-01-2022,941.68, 493.50 , 490.60 , 113.51 ," 1,904.25 "
06-01-2022,947.89, 479.10 , 488.85 , 112.18 ," 1,891.90 "
05-01-2022,958.08, 475.35 , 489.75 , 116.67 ," 1,922.15 "
04-01-2022,967.09, 476.10 , 489.60 , 116.65 ," 1,852.60 "
03-01-2022,970.63, 478.05 , 497.60 , 117.31 ," 1,824.45 "
31-12-2021,981.4, 475.55 , 482.40 , 118.44 ," 1,796.10 "
30-12-2021,980.94, 449.65 , 470.40 , 114.84 ," 1,755.25 "
29-12-2021,966.63, 454.25 , 476.00 , 118.09 ," 1,764.20 "
28-12-2021,948.76, 458.15 , 480.20 , 115.97 ," 1,774.90 "
27-12-2021,947.38, 452.80 , 471.15 , 113.99 ," 1,773.45 "
24-12-2021,927.73, 458.90 , 467.60 , 111.92 ," 1,748.40 "
23-12-2021,938.96, 461.30 , 472.35 , 113.28 ," 1,775.60 "
22-12-2021,929.7, 463.35 , 470.50 , 113.12 ," 1,762.40 "
21-12-2021,924.18, 445.45 , 453.60 , 111.91 ," 1,736.55 "
20-12-2021,912.14, 433.10 , 447.05 , 110.37 ," 1,742.50 "
17-12-2021,903.59, 450.15 , 470.20 , 115.49 ," 1,793.80 "
16-12-2021,919.47, 450.50 , 491.95 , 116.66 ," 1,860.75 "
15-12-2021,920.06, 458.35 , 491.65 , 120.33 ," 1,867.40 "
14-12-2021,929.31, 461.70 , 489.40 , 121.19 ," 1,840.40 "
13-12-2021,919.96, 458.25 , 495.35 , 120.29 ," 1,873.10 "
10-12-2021,918.66, 455.10 , 494.45 , 118.83 ," 1,896.75 "
09-12-2021,918.85, 455.65 , 493.95 , 119.19 ," 1,916.35 "
08-12-2021,914.14, 457.45 , 493.90 , 118.92 ," 1,920.45 "
07-12-2021,904.14, 442.50 , 481.80 , 116.19 ," 1,937.15 "
06-12-2021,899.74, 421.35 , 467.20 , 118.07 ," 1,885.20 "
03-12-2021,919.3, 424.65 , 480.10 , 117.09 ," 1,914.20 "
02-12-2021,932.55, 432.10 , 479.10 , 121.47 ," 1,964.25 "
01-12-2021,921.27, 424.90 , 475.25 , 118.79 ," 1,953.35 "
30-11-2021,935.17, 412.75 , 458.60 , 118.86 ," 1,961.90 "
29-11-2021,939.52, 420.15 , 461.45 , 116.33 ," 2,019.60 "
26-11-2021,950.18, 417.00 , 460.20 , 117.85 ," 1,964.30 "
25-11-2021,918.32, 447.05 , 492.75 , 121.51 ," 2,035.10 "
24-11-2021,919.61, 452.10 , 488.65 , 122.09 ," 2,011.40 "
23-11-2021,926.39, 450.20 , 495.50 , 122.54 ," 1,982.90 "
22-11-2021,921.52, 442.15 , 486.10 , 121.69 ," 1,955.45 "
18-11-2021,934.29, 440.30 , 509.70 , 126.62 ," 2,024.45 "
17-11-2021,953.66, 445.40 , 530.15 , 124.10 ," 2,053.10 "
16-11-2021,963.52, 445.60 , 519.05 , 122.93 ," 2,082.85 "
15-11-2021,974.73, 455.90 , 505.45 , 124.37 ," 2,097.30 "
12-11-2021,968.65, 468.55 , 507.05 , 129.58 ," 2,074.70 "
11-11-2021,962.99, 453.95 , 503.45 , 122.88 ," 2,054.10 "
10-11-2021,965.87, 449.75 , 510.75 , 126.37 ," 2,076.05 "
09-11-2021,958.47, 464.60 , 509.65 , 128.81 ," 2,097.20 "
08-11-2021,957.75, 469.80 , 501.40 , 133.99 ," 2,118.85 "
04-11-2021,953.23, 472.60 , 489.70 , 124.93 ," 2,057.00 "
03-11-2021,954.33, 478.30 , 484.90 , 125.06 ," 2,037.55 "
02-11-2021,949.22, 468.40 , 487.85 , 122.41 ," 2,076.65 "
01-11-2021,960.29, 478.15 , 485.70 , 122.86 ," 2,076.50 "
29-10-2021,931.84, 459.80 , 483.70 , 113.25 ," 2,031.15 "
28-10-2021,913.99, 468.80 , 481.05 , 109.79 ," 2,098.50 "
27-10-2021,932.54, 479.85 , 497.90 , 108.77 ," 2,188.25 "
26-10-2021,933.24, 486.05 , 508.65 , 109.91 ," 2,210.95 "
25-10-2021,935.23, 473.25 , 479.90 , 109.35 ," 2,154.50 "
22-10-2021,927.49, 470.45 , 490.90 , 110.73 ," 2,171.40 "
21-10-2021,930.33, 493.75 , 508.00 , 110.61 ," 2,143.75 "
20-10-2021,950.78, 512.95 , 486.90 , 113.42 ," 2,015.45 "
19-10-2021,960.36, 533.75 , 481.90 , 120.62 ," 2,035.35 "
18-10-2021,975.5, 542.80 , 509.60 , 120.04 ," 2,011.60 "
14-10-2021,991.74, 516.10 , 497.60 , 119.74 ," 2,017.80 "
13-10-2021,985.69, 508.05 , 506.90 , 119.60 ," 2,009.35 "
12-10-2021,982.06, 498.65 , 420.85 , 121.29 ," 1,995.10 "
11-10-2021,978.87, 487.50 , 415.75 , 121.81 ," 1,975.40 "
08-10-2021,969.84, 473.65 , 382.95 , 120.10 ," 1,936.35 "
07-10-2021,978.22, 477.50 , 376.50 , 120.80 ," 1,952.45 "
06-10-2021,991.32, 475.90 , 336.05 , 119.47 ," 1,955.75 "
05-10-2021,"1,006.92", 495.30 , 344.95 , 121.85 ," 1,982.35 "
04-10-2021,"1,008.54", 505.70 , 342.00 , 122.22 ," 1,990.95 "
01-10-2021,991.17, 484.35 , 333.30 , 121.36 ," 1,993.55 "
30-09-2021,976.14, 487.95 , 333.35 , 119.68 ," 2,005.50 "
29-09-2021,976.2, 494.15 , 330.25 , 120.01 ," 2,030.45 "
28-09-2021,966.63, 478.15 , 329.30 , 120.89 ," 2,068.20 "
27-09-2021,958.33, 481.40 , 331.65 , 120.37 ," 2,033.35 "
24-09-2021,958.07, 478.75 , 317.95 , 123.77 ," 2,028.10 "
23-09-2021,959.46, 483.25 , 321.50 , 124.13 ," 2,024.00 "
22-09-2021,969.27, 463.00 , 310.10 , 122.13 ," 1,985.55 "
21-09-2021,970.73, 451.00 , 301.95 , 122.44 ," 2,010.95 "
20-09-2021,954.99, 444.40 , 298.95 , 116.84 ," 2,001.45 "
17-09-2021,976.91, 473.05 , 308.60 , 117.61 ," 2,007.95 "
16-09-2021,986.39, 483.30 , 311.65 , 124.49 ," 1,906.80 "
15-09-2021,992.52, 486.80 , 311.95 , 124.75 ," 1,871.70 "
14-09-2021,986.15, 477.95 , 306.10 , 124.19 ," 1,867.75 "
13-09-2021,986.28, 478.35 , 301.20 , 123.83 ," 1,840.05 "
09-09-2021,982.41, 463.55 , 298.95 , 124.73 ," 1,817.85 "
08-09-2021,982.26, 456.30 , 295.25 , 123.71 ," 1,815.35 "
07-09-2021,979.49, 462.30 , 294.60 , 123.54 ," 1,764.85 "
06-09-2021,983.19, 469.25 , 297.45 , 125.25 ," 1,774.55 "
03-09-2021,979.71, 461.30 , 295.55 , 121.03 ," 1,791.85 "
02-09-2021,971.94, 456.95 , 293.15 , 117.65 ," 1,776.40 "
01-09-2021,952.69, 458.10 , 295.25 , 112.89 ," 1,746.65 "
31-08-2021,940.81, 468.30 , 287.30 , 112.93 ," 1,753.70 "
30-08-2021,935.57, 448.05 , 291.95 , 113.15 ," 1,735.85 "
27-08-2021,920.11, 437.90 , 285.75 , 113.66 ," 1,713.55 "
26-08-2021,900.7, 424.10 , 284.30 , 113.29 ," 1,697.50 "
25-08-2021,909.79, 430.70 , 284.40 , 110.77 ," 1,697.20 "
24-08-2021,917.48, 420.85 , 279.80 , 107.57 ," 1,704.90 "
23-08-2021,902.97, 406.85 , 276.95 , 111.13 ," 1,716.85 "
20-08-2021,911.2, 403.65 , 283.10 , 107.55 ," 1,703.55 "
18-08-2021,937.41, 426.95 , 293.35 , 105.47 ," 1,749.70 "
17-08-2021,940.1, 436.60 , 297.70 , 105.05 ," 1,788.35 "
16-08-2021,932.23, 441.75 , 303.70 , 102.74 ," 1,782.35 "
13-08-2021,930.44, 442.05 , 307.25 , 103.39 ," 1,788.00 "
12-08-2021,943.28, 437.25 , 306.00 , 103.22 ," 1,787.70 "
11-08-2021,948.97, 436.65 , 295.45 , 102.99 ," 1,780.60 "
10-08-2021,953.95, 426.95 , 294.20 , 100.83 ," 1,813.25 "
09-08-2021,963.7, 434.70 , 298.10 , 101.99 ," 1,780.90 "
06-08-2021,957.26, 442.15 , 300.05 , 103.08 ," 1,777.20 "
05-08-2021,956.46, 443.10 , 299.70 , 104.00 ," 1,771.75 "
04-08-2021,953.76, 442.70 , 298.15 , 105.70 ," 1,749.95 "
03-08-2021,944.34, 448.80 , 303.70 , 105.15 ," 1,685.65 "
02-08-2021,940.31, 445.80 , 296.85 , 105.21 ," 1,665.10 "
30-07-2021,942.24, 444.80 , 293.95 , 101.57 ," 1,654.80 "
29-07-2021,934.53, 458.10 , 292.90 , 100.37 ," 1,641.65 "
28-07-2021,946.35, 416.30 , 284.45 , 101.23 ," 1,652.85 "
27-07-2021,968.67, 417.35 , 291.40 , 98.99 ," 1,697.95 "
26-07-2021,"1,082.25", 400.05 , 293.15 , 100.14 ," 1,740.60 "
23-07-2021,"1,084.43", 391.75 , 295.55 , 97.65 ," 1,722.95 "
22-07-2021,"1,076.90", 393.50 , 302.55 , 101.22 ," 1,707.20 "
20-07-2021,"1,068.81", 383.00 , 302.15 , 103.77 ," 1,702.65 "
19-07-2021,"1,083.87", 396.95 , 308.85 , 103.49 ," 1,722.80 "
16-07-2021,"1,081.31", 405.50 , 311.25 , 106.36 ," 1,749.50 "
15-07-2021,"1,078.73", 401.45 , 310.25 , 106.17 ," 1,750.05 "
14-07-2021,"1,078.17", 391.65 , 309.55 , 103.72 ," 1,748.15 "
13-07-2021,"1,087.42", 392.25 , 310.95 , 104.93 ," 1,747.15 "
12-07-2021,"1,098.86", 388.35 , 307.45 , 104.16 ," 1,731.95 "
09-07-2021,"1,092.06", 390.05 , 306.30 , 102.67 ," 1,720.05 "
08-07-2021,"1,093.35", 383.10 , 306.35 , 102.66 ," 1,732.30 "
07-07-2021,"1,112.42", 393.65 , 317.10 , 99.44 ," 1,761.80 "
06-07-2021,"1,107.89", 385.35 , 316.90 , 96.47 ," 1,755.35 "
05-07-2021,"1,107.58", 389.55 , 346.10 , 95.09 ," 1,731.10 "
02-07-2021,"1,115.14", 376.05 , 344.90 , 95.89 ," 1,715.15 "
01-07-2021,"1,111.70", 379.40 , 344.25 , 96.50 ," 1,716.10 "
30-06-2021,"1,084.61", 372.05 , 339.60 , 97.28 ," 1,705.85 "
29-06-2021,"1,086.62", 374.25 , 341.55 , 96.62 ," 1,705.85 "
28-06-2021,"1,080.85", 382.30 , 342.80 , 97.25 ," 1,733.05 "
25-06-2021,"1,061.86", 375.90 , 339.65 , 95.53 ," 1,735.00 "
24-06-2021,"1,055.53", 369.05 , 334.65 , 96.19 ," 1,737.90 "
23-06-2021,"1,059.87", 368.10 , 335.25 , 100.46 ," 1,736.70 "
22-06-2021,"1,061.67", 367.55 , 337.90 , 103.71 ," 1,757.10 "
21-06-2021,"1,056.40", 367.60 , 334.30 , 104.88 ," 1,772.05 "
18-06-2021,"1,056.78", 371.35 , 337.40 , 106.19 ," 1,760.45 "
17-06-2021,"1,057.30", 369.25 , 345.65 , 105.49 ," 1,766.05 "
16-06-2021,"1,081.22", 380.25 , 349.35 , 105.09 ," 1,760.60 "
15-06-2021,"1,082.17", 390.85 , 352.70 , 105.83 ," 1,770.90 "
14-06-2021,"1,092.27", 394.80 , 355.95 , 103.43 ," 1,768.05 "
11-06-2021,"1,090.60", 393.15 , 350.75 , 105.37 ," 1,794.35 "
10-06-2021,"1,058.41", 385.40 , 344.75 , 105.23 ," 1,799.55 "
09-06-2021,"1,044.56", 383.15 , 343.35 , 102.27 ," 1,782.90 "
08-06-2021,"1,054.95", 387.75 , 352.75 , 99.25 ," 1,793.55 "
07-06-2021,"1,043.84", 395.00 , 345.50 , 100.12 ," 1,814.90 "
04-06-2021,"1,051.00", 395.05 , 334.95 , 94.06 ," 1,811.20 "
03-06-2021,"1,056.51", 399.20 , 325.65 , 91.37 ," 1,814.20 "
02-06-2021,"1,062.47", 398.80 , 323.00 , 90.57 ," 1,783.10 "
01-06-2021,"1,063.30", 394.70 , 318.10 , 89.48 ," 1,797.00 "
31-05-2021,"1,061.83", 394.25 , 318.75 , 89.92 ," 1,807.70 "
28-05-2021,"1,038.91", 387.75 , 318.75 , 89.56 ," 1,800.75 "
27-05-2021,"1,053.77", 385.85 , 318.60 , 90.43 ," 1,777.25 "
26-05-2021,"1,057.04", 381.00 , 315.50 , 90.35 ," 1,740.65 "
25-05-2021,"1,062.24", 391.20 , 315.25 , 91.23 ," 1,750.50 "
24-05-2021,"1,054.43", 389.30 , 311.85 , 89.30 ," 1,757.00 "
21-05-2021,"1,043.29", 389.80 , 313.10 , 88.15 ," 1,757.65 "
20-05-2021,"1,047.26", 385.20 , 307.70 , 89.42 ," 1,708.20 "
19-05-2021,"1,047.56", 403.30 , 314.45 , 89.22 ," 1,730.55 "
18-05-2021,"1,043.09", 402.10 , 332.45 , 87.08 ," 1,755.10 "
17-05-2021,"1,050.06", 392.95 , 321.10 , 86.53 ," 1,744.15 "
14-05-2021,"1,039.37", 382.80 , 312.25 , 86.58 ," 1,706.65 "
12-05-2021,"1,060.29", 398.80 , 326.00 , 87.12 ," 1,718.85 "
11-05-2021,"1,059.19", 412.80 , 315.55 , 88.25 ," 1,755.45 "
10-05-2021,"1,065.51", 425.75 , 314.85 , 87.57 ," 1,809.35 "
07-05-2021,"1,034.94", 401.10 , 302.75 , 88.78 ," 1,780.35 "
06-05-2021,"1,033.69", 385.95 , 301.25 , 88.30 ," 1,788.25 "
05-05-2021,"1,032.19", 367.10 , 291.50 , 88.88 ," 1,770.75 "
04-05-2021,"1,013.45", 362.55 , 289.45 , 88.96 ," 1,732.65 "
03-05-2021,"1,037.19", 369.95 , 293.00 , 89.23 ," 1,725.45 "
30-04-2021,"1,032.62", 364.40 , 293.85 , 84.49 ," 1,748.80 "
29-04-2021,"1,020.46", 372.15 , 301.90 , 83.29 ," 1,805.00 "
28-04-2021,"1,008.89", 362.60 , 305.90 , 83.80 ," 1,811.45 "
27-04-2021,"1,011.45", 366.25 , 301.50 , 82.85 ," 1,750.30 "
26-04-2021,"1,013.34", 348.35 , 295.40 , 79.92 ," 1,759.65 "
23-04-2021,"1,013.34", 349.50 , 294.00 , 78.21 ," 1,734.20 "
22-04-2021,"1,039.97", 355.85 , 294.55 , 79.17 ," 1,736.05 "
20-04-2021,"1,031.35", 359.35 , 298.05 , 82.34 ," 1,697.70 "
19-04-2021,993.62, 361.40 , 301.40 , 83.20 ," 1,700.75 "
16-04-2021,978.65, 370.00 , 310.00 , 87.94 ," 1,764.10 "
15-04-2021,969.11, 353.55 , 303.50 , 88.68 ," 1,773.25 "
13-04-2021,955.46, 348.70 , 302.85 , 89.29 ," 1,775.85 "
12-04-2021,999.39, 336.20 , 286.55 , 87.90 ," 1,742.50 "
09-04-2021,952.06, 361.05 , 318.20 , 87.97 ," 1,799.25 "
08-04-2021,937.81, 365.20 , 313.95 , 88.99 ," 1,783.25 "
07-04-2021,938.53, 352.20 , 307.80 , 89.41 ," 1,792.00 "
06-04-2021,923.85, 350.45 , 307.75 , 87.35 ," 1,768.30 "
05-04-2021,911.32, 350.65 , 305.05 , 86.71 ," 1,759.20 "
01-04-2021,917.53, 350.25 , 307.75 , 89.69 ," 1,804.55 "
31-03-2021,903.2, 326.85 , 301.80 , 89.15 ," 1,753.00 "
30-03-2021,903.64, 326.30 , 297.05 , 90.28 ," 1,781.25 "
26-03-2021,881.2, 327.15 , 296.40 , 88.32 ," 1,771.05 "
25-03-2021,876.11, 314.00 , 285.55 , 88.77 ," 1,762.90 "
24-03-2021,870.1, 317.75 , 294.45 , 88.13 ," 1,782.45 "
23-03-2021,874.45, 331.70 , 307.40 , 88.81 ," 1,812.65 "
22-03-2021,870.79, 339.75 , 303.05 , 88.88 ," 1,822.65 "
19-03-2021,854.89, 335.10 , 308.95 , 86.76 ," 1,834.15 "
18-03-2021,842.55, 331.80 , 307.00 , 86.71 ," 1,830.40 "
17-03-2021,871.17, 326.40 , 305.80 , 89.48 ," 1,868.35 "
16-03-2021,889.94, 333.90 , 319.95 , 88.52 ," 1,903.20 "
15-03-2021,868.45, 333.80 , 318.55 , 85.60 ," 1,918.65 "
12-03-2021,885.3, 330.20 , 317.55 , 86.77 ," 1,935.15 "
10-03-2021,900.08, 340.35 , 321.45 , 87.95 ," 1,963.95 "
09-03-2021,889.66, 333.25 , 315.20 , 88.28 ," 1,978.95 "
08-03-2021,898.45, 336.60 , 321.25 , 88.80 ," 1,915.85 "
05-03-2021,898.5, 337.85 , 325.15 , 92.76 ," 1,922.50 "
04-03-2021,915.01, 349.45 , 339.20 , 93.34 ," 1,897.70 "
03-03-2021,900.51, 359.35 , 348.50 , 93.19 ," 1,899.50 "
02-03-2021,880.94, 345.25 , 345.75 , 93.77 ," 1,844.65 "
01-03-2021,890.68, 344.10 , 328.30 , 92.88 ," 1,845.40 "
26-02-2021,885.31, 340.25 , 322.95 , 92.71 ," 1,780.35 "
25-02-2021,896.03, 350.70 , 333.15 , 92.68 ," 1,895.50 "
24-02-2021,887.11, 332.80 , 321.65 , 93.12 ," 1,911.20 "
23-02-2021,899.03, 333.05 , 324.00 , 91.78 ," 1,872.95 "
22-02-2021,893.85, 316.10 , 304.50 , 91.12 ," 1,949.60 "
19-02-2021,936.29, 308.00 , 311.85 , 86.58 ," 1,938.75 "
18-02-2021,923.39, 309.90 , 323.85 , 84.32 ," 1,945.45 "
17-02-2021,920.11, 303.90 , 330.15 , 84.03 ," 1,989.45 "
16-02-2021,939.32, 302.70 , 329.20 , 80.14 ," 2,019.65 "
15-02-2021,941.97, 291.40 , 333.35 , 84.00 ," 1,985.95 "
12-02-2021,958.4, 290.80 , 325.40 , 81.12 ," 1,951.05 "
11-02-2021,965.01, 295.40 , 325.00 , 80.40 ," 1,961.00 "
10-02-2021,964.81, 279.40 , 328.90 , 79.20 ," 1,952.05 "
09-02-2021,968.82, 278.05 , 325.05 , 79.68 ," 1,949.15 "
08-02-2021,971.96, 278.95 , 335.95 , 78.87 ," 1,957.15 "
05-02-2021,960.18, 262.05 , 315.90 , 80.11 ," 1,982.70 "
04-02-2021,933.59, 261.85 , 326.15 , 80.26 ," 1,910.40 "
03-02-2021,929.91, 257.25 , 331.00 , 79.73 ," 1,852.20 "
02-02-2021,896.5, 255.35 , 322.00 , 77.34 ," 1,861.30 "
01-02-2021,885.63, 241.15 , 279.60 , 80.17 ," 1,801.50 "
29-01-2021,920.54, 226.30 , 262.70 , 79.88 ," 1,712.95 "
28-01-2021,974.36, 229.05 , 266.80 , 76.65 ," 1,722.85 "
27-01-2021,981.86, 231.40 , 267.50 , 80.05 ," 1,764.70 "
25-01-2021,"1,016.48", 240.30 , 279.15 , 79.36 ," 1,794.40 "
22-01-2021,"1,007.38", 239.20 , 289.35 , 80.36 ," 1,828.00 "
21-01-2021,"1,010.44", 248.90 , 290.60 , 82.10 ," 1,857.80 "
20-01-2021,"1,016.13", 252.10 , 274.90 , 81.50 ," 1,883.60 "
19-01-2021,"1,017.78", 251.55 , 258.65 , 77.70 ," 1,887.00 "
18-01-2021,"1,010.42", 243.15 , 245.95 , 77.90 ," 1,846.95 "
15-01-2021,"1,042.56", 253.35 , 260.30 , 79.61 ," 1,863.90 "
14-01-2021,"1,061.78", 261.40 , 245.10 , 80.98 ," 1,892.65 "
13-01-2021,"1,058.00", 262.65 , 242.60 , 83.35 ," 1,882.10 "
12-01-2021,"1,070.77", 264.35 , 237.80 , 86.08 ," 1,903.45 "
11-01-2021,"1,083.36", 264.70 , 220.65 , 88.56 ," 1,938.15 "
08-01-2021,"1,067.65", 268.20 , 198.15 , 88.01 ," 1,970.70 "
07-01-2021,"1,054.18", 272.90 , 196.75 , 87.60 ," 1,952.40 "
06-01-2021,"1,057.66", 259.05 , 195.40 , 85.34 ," 1,970.40 "
05-01-2021,"1,057.38", 250.30 , 193.20 , 85.91 ," 1,959.75 "
04-01-2021,"1,054.45", 254.30 , 191.30 , 84.56 ," 1,965.55 "
01-01-2021,"1,048.27", 238.35 , 186.50 , 80.71 ," 1,994.05 "
31-12-2020,"1,041.02", 240.55 , 183.85 , 81.43 ," 1,995.60 "
30-12-2020,"1,034.19", 237.40 , 184.15 , 80.24 ," 2,017.95 "
29-12-2020,"1,033.12", 235.60 , 183.45 , 80.20 ," 1,999.30 "
28-12-2020,"1,040.36", 239.90 , 186.35 , 79.72 ," 1,988.90 "
24-12-2020,"1,040.36", 236.95 , 175.95 , 81.59 ," 1,960.60 "
23-12-2020,"1,044.82", 236.20 , 169.20 , 80.45 ," 1,920.75 "
22-12-2020,"1,032.36", 231.90 , 164.95 , 80.82 ," 1,902.95 "
21-12-2020,"1,013.71", 232.30 , 164.55 , 80.68 ," 1,920.85 "
18-12-2020,"1,045.75", 249.90 , 180.55 , 86.14 ," 1,949.35 "
17-12-2020,"1,014.57", 245.85 , 181.70 , 87.22 ," 1,965.45 "
16-12-2020,"1,007.79", 251.45 , 182.55 , 86.66 ," 1,952.55 "
15-12-2020,"1,006.27", 244.55 , 178.90 , 81.73 ," 1,951.15 "
14-12-2020,"1,004.56", 246.35 , 177.65 , 80.17 ," 1,939.35 "
11-12-2020,"1,003.39", 243.65 , 178.85 , 80.89 ," 1,920.40 "
10-12-2020,"1,010.62", 242.70 , 177.60 , 80.96 ," 1,903.30 "
09-12-2020,"1,011.38", 241.00 , 182.70 , 80.65 ," 1,883.55 "
08-12-2020,"1,003.04", 245.70 , 181.80 , 78.69 ," 1,833.80 "
07-12-2020,"1,005.82", 251.25 , 183.55 , 76.46 ," 1,820.55 "
04-12-2020,981.71, 252.70 , 184.15 , 74.26 ," 1,846.25 "
03-12-2020,984.61, 242.00 , 184.85 , 75.24 ," 1,821.00 "
02-12-2020,970.05, 231.85 , 183.60 , 77.36 ," 1,814.20 "
01-12-2020,966.08, 229.30 , 179.75 , 74.28 ," 1,875.85 "
27-11-2020,965.79, 226.35 , 180.35 , 77.46 ," 1,907.10 "
26-11-2020,980.27, 229.90 , 173.75 , 69.12 ," 1,889.10 "
25-11-2020,961.26, 223.45 , 171.45 , 67.06 ," 1,862.45 "
24-11-2020,983.1, 226.00 , 172.05 , 68.27 ," 1,924.90 "
23-11-2020,965.75, 218.05 , 170.70 , 67.22 ," 1,897.85 "
20-11-2020,934.19, 215.55 , 169.10 , 68.43 ," 1,889.40 "
19-11-2020,941.54, 213.85 , 167.95 , 68.32 ," 1,826.35 "
18-11-2020,940.76, 219.35 , 173.50 , 68.67 ," 1,830.60 "
17-11-2020,956.83, 213.55 , 158.00 , 66.13 ," 1,796.65 "
14-11-2020,974.41, 210.55 , 146.35 , 65.76 ," 1,763.30 "
13-11-2020,971.38, 208.60 , 151.20 , 65.99 ," 1,754.75 "
12-11-2020,965.37, 204.05 , 150.95 , 63.68 ," 1,807.85 "
11-11-2020,976.43, 192.35 , 146.00 , 65.51 ," 1,752.95 "
10-11-2020,939.6, 194.70 , 141.00 , 64.43 ," 1,728.15 "
09-11-2020,975.93, 188.15 , 139.00 , 61.50 ," 1,718.05 "
06-11-2020,980.59, 187.35 , 137.65 , 61.72 ," 1,675.45 "
05-11-2020,991.7, 176.50 , 135.90 , 62.08 ," 1,630.70 "
04-11-2020,987.12, 179.75 , 134.10 , 59.82 ," 1,593.60 "
03-11-2020,975.47, 170.75 , 132.85 , 59.75 ," 1,580.70 "
02-11-2020,971.73, 170.65 , 132.65 , 59.57 ," 1,547.40 "
30-10-2020,977.73, 167.90 , 131.90 , 58.21 ," 1,570.90 "
29-10-2020,988.39, 170.45 , 134.80 , 58.12 ," 1,551.35 "
28-10-2020,990.2, 174.45 , 135.65 , 59.05 ," 1,587.65 "
27-10-2020,"1,019.88", 172.40 , 133.70 , 59.72 ," 1,416.90 "
26-10-2020,995.62, 182.25 , 137.00 , 59.75 ," 1,383.05 "
23-10-2020,"1,003.65", 184.45 , 133.50 , 59.56 ," 1,393.05 "
22-10-2020,"1,004.40", 185.95 , 130.25 , 59.55 ," 1,393.30 "
21-10-2020,"1,009.35", 180.80 , 129.65 , 59.64 ," 1,368.80 "
20-10-2020,"1,014.23", 182.70 , 128.25 , 60.19 ," 1,376.70 "
19-10-2020,"1,011.63", 179.80 , 127.75 , 60.41 ," 1,336.55 "
16-10-2020,"1,016.11", 173.65 , 126.95 , 60.69 ," 1,309.55 "
15-10-2020,"1,011.25", 174.20 , 130.70 , 59.49 ," 1,353.35 "
14-10-2020,"1,024.60", 173.25 , 134.10 , 59.64 ," 1,344.95 "
13-10-2020,"1,033.75", 172.15 , 135.90 , 61.53 ," 1,312.90 "
12-10-2020,"1,044.10", 170.00 , 138.45 , 59.51 ," 1,319.85 "
09-10-2020,"1,030.60", 174.25 , 140.95 , 58.56 ," 1,320.10 "
08-10-2020,"1,038.88", 172.85 , 141.00 , 60.11 ," 1,324.70 "
07-10-2020,"1,020.99", 176.90 , 144.75 , 60.76 ," 1,338.25 "
06-10-2020,"1,027.30", 179.05 , 133.90 , 61.36 ," 1,314.60 "
05-10-2020,"1,031.90", 174.10 , 133.50 , 61.73 ," 1,305.05 "
01-10-2020,"1,022.41", 175.25 , 133.30 , 62.16 ," 1,268.20 "
30-09-2020,"1,037.56", 176.40 , 131.70 , 62.07 ," 1,263.25 "
29-09-2020,"1,016.84", 167.70 , 132.85 , 63.80 ," 1,278.70 "
28-09-2020,"1,025.97", 162.05 , 127.25 , 63.19 ," 1,253.05 "
25-09-2020,"1,022.44", 159.10 , 122.80 , 61.82 ," 1,246.10 "
24-09-2020,"1,005.48", 165.45 , 131.40 , 60.62 ," 1,275.40 "
23-09-2020,"1,021.55", 163.45 , 133.10 , 60.32 ," 1,270.55 "
22-09-2020,"1,033.59", 167.15 , 137.45 , 61.04 ," 1,287.85 "
21-09-2020,"1,028.40", 179.50 , 147.90 , 61.37 ," 1,277.10 "
18-09-2020,"1,066.67", 175.85 , 147.65 , 62.69 ," 1,305.10 "
17-09-2020,965.45, 183.80 , 151.45 , 63.43 ," 1,325.40 "
16-09-2020,925.58, 176.75 , 148.40 , 64.67 ," 1,323.95 "
15-09-2020,888.47, 175.80 , 148.55 , 65.38 ," 1,304.70 "
14-09-2020,872.82, 178.65 , 144.30 , 66.05 ," 1,330.35 "
11-09-2020,880.32, 176.65 , 143.30 , 64.64 ," 1,319.50 "
10-09-2020,876.03, 182.80 , 140.10 , 64.72 ," 1,326.15 "
09-09-2020,885.89, 180.25 , 142.30 , 64.24 ," 1,350.70 "
08-09-2020,869.76, 187.50 , 149.40 , 65.72 ," 1,368.75 "
07-09-2020,883.97, 188.30 , 147.80 , 66.18 ," 1,380.05 "
04-09-2020,864.5, 192.00 , 151.85 , 65.82 ," 1,396.70 "
03-09-2020,886.63, 196.20 , 150.30 , 66.72 ," 1,423.50 "
02-09-2020,870.55, 194.05 , 143.80 , 68.12 ," 1,430.65 "
01-09-2020,870.39, 185.25 , 143.20 , 67.90 ," 1,401.35 "
31-08-2020,852.94, 193.80 , 142.80 , 65.42 ," 1,467.10 "
28-08-2020,874.86, 194.90 , 144.25 , 67.04 ," 1,420.00 "
27-08-2020,887.4, 193.50 , 137.90 , 67.60 ," 1,436.70 "
26-08-2020,886.95, 191.30 , 127.10 , 68.18 ," 1,400.10 "
25-08-2020,885.54, 193.30 , 121.20 , 67.76 ," 1,387.25 "
24-08-2020,894.51, 196.25 , 120.90 , 68.30 ," 1,339.40 "
21-08-2020,897.95, 199.00 , 121.70 , 66.68 ," 1,338.35 "
20-08-2020,895.2, 196.80 , 125.15 , 66.52 ," 1,355.60 "
19-08-2020,897.85, 196.00 , 125.60 , 66.73 ," 1,369.35 "
18-08-2020,904.08, 192.55 , 123.55 , 69.35 ," 1,327.55 "
17-08-2020,903.83, 184.95 , 124.60 , 69.33 ," 1,307.45 "
14-08-2020,903.88, 183.55 , 131.15 , 68.04 ," 1,336.25 "
13-08-2020,900.45, 175.80 , 125.35 , 68.51 ," 1,335.10 "
12-08-2020,903.63, 178.95 , 122.30 , 65.44 ," 1,364.60 "
11-08-2020,919.18, 178.60 , 123.85 , 65.81 ," 1,360.20 "
10-08-2020,938.18, 177.60 , 119.10 , 65.96 ," 1,342.50 "
07-08-2020,914.7, 178.00 , 116.80 , 66.23 ," 1,340.10 "
06-08-2020,916.61, 175.75 , 115.40 , 70.07 ," 1,334.20 "
05-08-2020,920.19, 162.35 , 111.45 , 66.43 ," 1,323.95 "
04-08-2020,926.97, 161.35 , 113.05 , 63.65 ," 1,308.55 "
03-08-2020,905.49, 163.10 , 104.65 , 60.78 ," 1,365.75 "
31-07-2020,904.21, 162.00 , 103.65 , 62.94 ," 1,385.00 "
30-07-2020,903.32, 164.05 , 105.75 , 60.69 ," 1,389.45 "
29-07-2020,860.44, 164.70 , 106.45 , 61.93 ," 1,384.05 "
28-07-2020,810.27, 158.20 , 101.70 , 62.37 ," 1,322.60 "
27-07-2020,803.14, 156.20 , 103.75 , 61.01 ," 1,350.00 "
24-07-2020,813.19, 162.00 , 106.05 , 61.81 ," 1,374.05 "
23-07-2020,826, 159.90 , 105.15 , 62.29 ," 1,342.35 "
22-07-2020,812.32, 160.00 , 108.45 , 63.46 ," 1,359.00 "
21-07-2020,806.71, 160.90 , 105.05 , 63.59 ," 1,319.05 "
20-07-2020,818.42, 162.15 , 106.40 , 62.88 ," 1,327.45 "
17-07-2020,823.75, 166.05 , 102.95 , 61.38 ," 1,322.65 "
16-07-2020,830.43, 165.40 , 103.20 , 61.13 ," 1,290.00 "
15-07-2020,807.29, 163.80 , 105.15 , 60.63 ," 1,298.30 "
14-07-2020,796.63, 169.25 , 108.00 , 60.52 ," 1,335.55 "
13-07-2020,779.91, 163.70 , 107.60 , 60.50 ," 1,349.35 "
10-07-2020,781.09, 164.80 , 106.95 , 60.47 ," 1,368.15 "
09-07-2020,779.32, 155.00 , 105.35 , 61.21 ," 1,352.75 "
08-07-2020,777.34, 152.30 , 109.05 , 60.44 ," 1,368.25 "
07-07-2020,764.7, 154.35 , 109.00 , 61.70 ," 1,367.90 "
06-07-2020,778.4, 146.40 , 103.45 , 62.19 ," 1,353.80 "
03-07-2020,784.29, 147.75 , 101.55 , 62.05 ," 1,352.00 "
02-07-2020,784.11, 147.55 , 100.75 , 60.58 ," 1,356.75 "
01-07-2020,782.29, 146.20 , 98.25 , 61.40 ," 1,360.45 "
30-06-2020,788.99, 145.85 , 99.45 , 60.53 ," 1,355.65 "
29-06-2020,794.77, 151.05 , 101.40 , 60.64 ," 1,340.10 "
26-06-2020,799.72, 146.60 , 103.80 , 60.60 ," 1,381.70 "
25-06-2020,801.32, 151.40 , 104.80 , 61.79 ," 1,343.90 "
24-06-2020,808.53, 158.35 , 104.40 , 61.20 ," 1,389.90 "
23-06-2020,821.77, 150.10 , 102.65 , 62.91 ," 1,355.35 "
22-06-2020,806.57, 151.05 , 102.50 , 62.96 ," 1,302.50 "
19-06-2020,801.12, 150.80 , 96.35 , 65.06 ," 1,303.35 "
18-06-2020,801.4, 148.00 , 95.40 , 62.86 ," 1,243.80 "
17-06-2020,797.04, 150.10 , 94.75 , 58.82 ," 1,276.80 "
16-06-2020,801.09, 145.80 , 100.50 , 57.59 ," 1,248.90 "
15-06-2020,802.46, 146.05 , 105.30 , 58.16 ," 1,279.80 "
12-06-2020,801.59, 144.40 , 106.15 , 56.16 ," 1,298.70 "
11-06-2020,811.52, 146.95 , 111.40 , 55.12 ," 1,332.25 "
10-06-2020,822.5, 142.60 , 111.45 , 55.19 ," 1,304.15 "
09-06-2020,824.76, 146.35 , 115.45 , 55.72 ," 1,336.75 "
08-06-2020,793.52, 149.25 , 110.75 , 55.17 ," 1,337.80 "
05-06-2020,804.98, 142.65 , 98.50 , 56.20 ," 1,334.40 "
04-06-2020,799.78, 143.35 , 98.75 , 54.20 ," 1,386.55 "
03-06-2020,792.48, 141.15 , 96.50 , 54.80 ," 1,342.90 "
02-06-2020,779.06, 139.15 , 89.55 , 53.82 ," 1,248.40 "
01-06-2020,790.71, 138.85 , 87.00 , 55.40 ," 1,224.00 "
29-05-2020,814.25, 138.40 , 87.00 , 56.15 ," 1,229.45 "
28-05-2020,777.55, 133.30 , 84.55 , 54.41 ," 1,217.55 "
27-05-2020,776.6, 129.10 , 83.10 , 52.86 ," 1,153.20 "
26-05-2020,772.86, 124.85 , 82.80 , 52.77 ," 1,160.20 "
22-05-2020,778.57, 129.50 , 84.10 , 51.80 ," 1,150.25 "
21-05-2020,769.5, 120.80 , 83.45 , 51.56 ," 1,160.10 "
20-05-2020,782.04, 117.30 , 81.80 , 53.59 ," 1,130.45 "
19-05-2020,739.92, 115.35 , 80.65 , 54.76 ," 1,113.65 "
18-05-2020,735.83, 119.25 , 84.35 , 55.71 ," 1,178.30 "
15-05-2020,747.02, 117.20 , 83.80 , 56.26 ," 1,173.10 "
14-05-2020,746.4, 123.55 , 87.20 , 57.20 ," 1,186.70 "
13-05-2020,755.92, 121.10 , 86.20 , 58.67 ," 1,157.20 "
12-05-2020,754.68, 119.75 , 86.10 , 55.44 ," 1,188.45 "
11-05-2020,772.4, 117.10 , 81.05 , 54.86 ," 1,217.45 "
08-05-2020,796.8, 117.65 , 82.50 , 55.15 ," 1,199.80 "
07-05-2020,767.53, 118.60 , 83.20 , 53.33 ," 1,245.95 "
06-05-2020,770.5, 115.90 , 80.90 , 54.76 ," 1,238.35 "
05-05-2020,766.78, 115.90 , 83.90 , 55.14 ," 1,277.80 "
04-05-2020,787.8, 130.20 , 93.25 , 54.82 ," 1,357.20 "
30-04-2020,787.26, 116.30 , 78.15 , 59.52 ," 1,327.85 "
29-04-2020,776.14, 108.75 , 76.95 , 58.54 ," 1,326.65 "
28-04-2020,789.95, 108.20 , 75.25 , 58.86 ," 1,303.60 "
27-04-2020,796.06, 103.65 , 74.20 , 57.40 ," 1,239.55 "
24-04-2020,800.56, 111.25 , 75.65 , 57.87 ," 1,249.65 "
23-04-2020,805.42, 108.30 , 75.90 , 55.37 ," 1,152.15 "
22-04-2020,811.36, 107.10 , 74.65 , 57.90 ," 1,130.15 "
21-04-2020,803.28, 116.45 , 80.45 , 53.97 ," 1,177.75 "
20-04-2020,768.95, 124.15 , 76.85 , 57.83 ," 1,186.25 "
17-04-2020,785.91, 120.55 , 74.65 , 53.79 ," 1,130.85 "
16-04-2020,772.13, 115.10 , 72.90 , 51.32 ," 1,173.75 "
15-04-2020,761.52, 113.80 , 74.25 , 50.43 ," 1,250.90 "
13-04-2020,749.32, 107.55 , 74.60 , 49.36 ," 1,272.90 "
09-04-2020,724.31, 100.85 , 67.60 , 51.38 ," 1,187.65 "
08-04-2020,736.6, 103.95 , 67.25 , 48.26 ," 1,198.05 "
07-04-2020,716.64, 88.80 , 65.30 , 47.28 ," 1,140.85 "
03-04-2020,629.36, 91.65 , 67.95 , 47.78 ," 1,181.65 "
01-04-2020,619, 95.70 , 71.05 , 47.77 ," 1,296.05 "
31-03-2020,624.15, 88.80 , 68.15 , 47.06 ," 1,293.70 "
30-03-2020,598.85, 91.55 , 70.70 , 47.13 ," 1,399.10 "
27-03-2020,583.3, 94.55 , 70.80 , 50.40 ," 1,372.95 "
26-03-2020,589.71, 94.55 , 70.25 , 53.06 ," 1,290.15 "
25-03-2020,584.4, 88.75 , 68.55 , 49.68 ," 1,152.90 "
24-03-2020,571.59, 87.90 , 66.20 , 49.99 ," 1,098.25 "
23-03-2020,553.68, 105.50 , 77.30 , 52.12 ," 1,262.35 "
20-03-2020,579.45, 99.75 , 72.95 , 53.58 ," 1,210.85 "
19-03-2020,524.79, 109.20 , 75.50 , 58.09 ," 1,171.95 "
18-03-2020,533.69, 115.40 , 77.95 , 58.74 ," 1,322.70 "
17-03-2020,556.24, 115.65 , 82.95 , 63.03 ," 1,383.70 "
16-03-2020,565.39, 127.45 , 89.75 , 62.61 ," 1,470.05 "
13-03-2020,577.02, 120.20 , 88.00 , 68.92 ," 1,465.05 "
12-03-2020,570.08, 137.80 , 98.90 , 67.17 ," 1,589.30 "
11-03-2020,600.12, 143.45 , 105.70 , 69.57 ," 1,578.15 "
09-03-2020,612.25, 150.10 , 114.20 , 66.09 ," 1,631.05 "
06-03-2020,634.19, 155.50 , 125.75 , 69.77 ," 1,651.35 "
05-03-2020,636.89, 160.60 , 126.20 , 67.88 ," 1,607.95 "
04-03-2020,634.27, 159.30 , 130.35 , 69.67 ," 1,626.30 "
03-03-2020,608.74, 149.75 , 125.40 , 73.06 ," 1,599.00 "
02-03-2020,581.11, 155.90 , 128.95 , 71.92 ," 1,620.35 "
28-02-2020,585.42, 168.35 , 145.25 , 72.28 ," 1,682.75 "
27-02-2020,613.41, 169.90 , 144.55 , 72.67 ," 1,666.50 "
26-02-2020,615.07, 174.45 , 149.90 , 74.50 ," 1,675.80 "
25-02-2020,617.38, 179.05 , 150.65 , 72.04 ," 1,678.25 "
24-02-2020,635.26, 189.95 , 158.50 , 71.90 ," 1,685.95 "
20-02-2020,651.06, 188.10 , 158.05 , 72.80 ," 1,701.10 "
19-02-2020,655.63, 184.35 , 161.60 , 70.95 ," 1,691.00 "
18-02-2020,650.27, 190.25 , 169.10 , 71.84 ," 1,691.10 "
17-02-2020,659.11, 194.00 , 169.10 , 71.59 ," 1,680.95 "
14-02-2020,660.86, 195.25 , 169.50 , 72.84 ," 1,689.80 "
13-02-2020,664.92, 193.65 , 170.95 , 73.42 ," 1,714.90 "
12-02-2020,639.14, 193.65 , 169.75 , 72.42 ," 1,677.45 "
11-02-2020,638.24, 190.85 , 168.90 , 71.98 ," 1,669.30 "
10-02-2020,629.82, 197.40 , 173.60 , 73.79 ," 1,653.05 "
07-02-2020,633.34, 194.00 , 178.85 , 74.96 ," 1,674.00 "
06-02-2020,631.79, 196.30 , 183.75 , 69.00 ," 1,689.75 "
05-02-2020,626.67, 189.25 , 165.70 , 71.53 ," 1,698.30 "
04-02-2020,648.37, 181.80 , 163.85 , 73.27 ," 1,676.25 "
03-02-2020,628.83, 184.40 , 165.60 , 70.80 ," 1,647.95 "
01-02-2020,624.61, 189.35 , 176.60 , 68.04 ," 1,691.75 "
31-01-2020,622.9, 193.45 , 186.20 , 68.19 ," 1,628.25 "
30-01-2020,630.97, 197.75 , 188.05 , 67.08 ," 1,640.45 "
29-01-2020,629.65, 196.00 , 176.10 , 71.83 ," 1,626.05 "
28-01-2020,637.83, 198.25 , 182.20 , 73.94 ," 1,618.35 "
27-01-2020,637.75, 205.40 , 186.50 , 75.41 ," 1,642.95 "
24-01-2020,606.28, 204.60 , 188.40 , 75.53 ," 1,605.85 "
23-01-2020,607.63, 203.60 , 185.60 , 74.37 ," 1,585.50 "
22-01-2020,612.41, 205.15 , 191.40 , 70.63 ," 1,625.10 "
21-01-2020,612.09, 207.30 , 195.00 , 70.05 ," 1,617.90 "
20-01-2020,611.92, 210.05 , 197.30 , 67.68 ," 1,698.10 "
17-01-2020,606.87, 209.65 , 197.55 , 66.82 ," 1,701.55 "
16-01-2020,587.49, 213.65 , 200.35 , 66.23 ," 1,675.60 "
15-01-2020,583.73, 211.95 , 195.85 , 65.72 ," 1,676.80 "
14-01-2020,589.56, 211.20 , 196.25 , 65.43 ," 1,691.10 "
13-01-2020,590.94, 211.50 , 196.35 , 65.37 ," 1,684.70 "
10-01-2020,586.6, 210.75 , 192.00 , 65.32 ," 1,665.05 "
09-01-2020,584.1, 207.40 , 182.55 , 63.62 ," 1,654.85 "
08-01-2020,579.45, 208.85 , 184.70 , 62.45 ," 1,670.85 "
07-01-2020,576.84, 209.30 , 185.65 , 61.64 ," 1,652.55 "
06-01-2020,575.77, 216.45 , 191.10 , 62.21 ," 1,657.10 "
03-01-2020,576.78, 220.15 , 193.75 , 62.44 ," 1,671.55 "
02-01-2020,572.98, 214.30 , 184.45 , 62.76 ," 1,674.05 "
01-01-2020,575.88, 216.15 , 185.15 , 62.15 ," 1,684.35 "
31-12-2019,574.91, 217.95 , 183.70 , 62.99 ," 1,690.40 "
30-12-2019,577.77, 215.45 , 176.15 , 63.58 ," 1,685.60 "
27-12-2019,579.52, 215.00 , 174.60 , 62.12 ," 1,694.25 "
26-12-2019,573.12, 216.25 , 175.50 , 61.70 ," 1,711.55 "
24-12-2019,579.19, 215.15 , 176.05 , 62.22 ," 1,704.90 "
23-12-2019,581.68, 215.50 , 175.95 , 62.20 ," 1,692.70 "
20-12-2019,572.67, 216.30 , 179.15 , 62.24 ," 1,729.50 "
19-12-2019,573.91, 213.65 , 174.80 , 62.39 ," 1,724.35 "
18-12-2019,574.69, 213.70 , 180.20 , 62.04 ," 1,713.30 "
17-12-2019,565.38, 206.65 , 174.95 , 63.38 ," 1,703.95 "
16-12-2019,563.27, 208.25 , 176.70 , 62.47 ," 1,692.75 "
13-12-2019,564.3, 201.45 , 173.35 , 62.28 ," 1,715.60 "
12-12-2019,581.13, 196.60 , 161.80 , 61.97 ," 1,686.55 "
11-12-2019,577.56, 199.10 , 159.70 , 61.28 ," 1,662.40 "
10-12-2019,579.5, 198.85 , 160.50 , 61.42 ," 1,659.25 "
09-12-2019,581.75, 197.95 , 161.50 , 62.63 ," 1,674.30 "
06-12-2019,578.16, 198.55 , 166.10 , 62.94 ," 1,649.30 "
05-12-2019,574.32, 201.10 , 169.40 , 63.35 ," 1,651.25 "
04-12-2019,575.57, 196.00 , 158.20 , 64.69 ," 1,646.75 "
03-12-2019,571.67, 200.80 , 161.05 , 63.90 ," 1,633.00 "
02-12-2019,574.34, 200.15 , 161.50 , 65.08 ," 1,615.20 "
29-11-2019,582.77, 204.10 , 164.80 , 64.28 ," 1,615.00 "
28-11-2019,595.35, 203.00 , 165.90 , 64.10 ," 1,617.90 "
27-11-2019,594.4, 198.70 , 163.40 , 64.44 ," 1,604.40 "
26-11-2019,593.17, 199.25 , 166.10 , 64.78 ," 1,603.65 "
25-11-2019,584.13, 190.25 , 162.35 , 65.41 ," 1,569.10 "
22-11-2019,574.25, 188.60 , 164.15 , 64.87 ," 1,595.25 "
21-11-2019,575.85, 190.75 , 167.40 , 65.12 ," 1,599.45 "
20-11-2019,567.73, 192.35 , 167.75 , 64.85 ," 1,623.80 "
19-11-2019,548.6, 193.60 , 170.10 , 61.81 ," 1,627.20 "
18-11-2019,547.4, 187.75 , 168.55 , 62.14 ," 1,622.75 "
15-11-2019,546.16, 188.50 , 167.05 , 62.85 ," 1,597.60 "
14-11-2019,546.81, 193.15 , 170.60 , 64.51 ," 1,605.80 "
13-11-2019,552.63, 200.15 , 172.00 , 63.21 ," 1,616.90 "
11-11-2019,563.15, 203.85 , 169.05 , 67.68 ," 1,600.25 "
08-11-2019,564.42, 205.20 , 171.50 , 65.92 ," 1,584.00 "
07-11-2019,574.21, 201.50 , 174.50 , 67.22 ," 1,571.05 "
06-11-2019,572.54, 198.60 , 172.00 , 67.12 ," 1,553.90 "
05-11-2019,563.14, 197.95 , 172.20 , 62.39 ," 1,571.05 "
04-11-2019,559.56, 193.75 , 175.05 , 56.18 ," 1,579.90 "
01-11-2019,551.32, 187.90 , 177.70 , 55.05 ," 1,574.50 "
31-10-2019,556.64, 187.20 , 171.90 , 55.12 ," 1,578.90 "
30-10-2019,551.98, 184.30 , 172.45 , 55.01 ," 1,575.55 "
29-10-2019,560.5, 182.10 , 147.70 , 55.32 ," 1,593.00 "
27-10-2019,557.12, 181.75 , 126.85 , 55.50 ," 1,588.60 "
25-10-2019,558.99, 181.35 , 133.50 , 54.29 ," 1,613.20 "
24-10-2019,565.06, 185.10 , 132.65 , 55.90 ," 1,613.65 "
23-10-2019,565.34, 185.75 , 131.75 , 55.53 ," 1,628.85 "
22-10-2019,562.15, 187.40 , 136.85 , 56.28 ," 1,615.25 "
18-10-2019,544.97, 188.80 , 139.50 , 56.85 ," 1,604.55 "
17-10-2019,545.48, 187.95 , 125.85 , 55.88 ," 1,605.55 "
16-10-2019,540.29, 192.55 , 126.95 , 56.58 ," 1,615.60 "
15-10-2019,536.93, 188.70 , 127.85 , 56.06 ," 1,585.50 "
14-10-2019,530.38, 187.20 , 121.30 , 55.20 ," 1,587.75 "
11-10-2019,530.28, 182.25 , 116.80 , 55.19 ," 1,584.80 "
10-10-2019,526.7, 186.05 , 120.90 , 54.10 ," 1,612.35 "
09-10-2019,532.68, 182.30 , 117.50 , 54.96 ," 1,555.65 "
07-10-2019,523.29, 182.10 , 119.65 , 54.35 ," 1,563.15 "
04-10-2019,523.54, 182.60 , 122.40 , 54.93 ," 1,615.75 "
03-10-2019,535.43, 189.75 , 115.30 , 54.96 ," 1,648.20 "
01-10-2019,537.87, 191.35 , 117.45 , 53.61 ," 1,644.45 "
30-09-2019,540.45, 190.70 , 119.90 , 55.48 ," 1,643.50 "
27-09-2019,546.16, 195.95 , 124.50 , 57.25 ," 1,626.85 "
26-09-2019,554.97, 189.90 , 123.05 , 56.56 ," 1,601.60 "
25-09-2019,554.67, 197.80 , 130.90 , 55.52 ," 1,618.10 "
24-09-2019,557.05, 200.00 , 127.90 , 56.85 ," 1,640.60 "
23-09-2019,553.45, 202.15 , 133.25 , 56.36 ," 1,538.85 "
20-09-2019,567.56, 195.95 , 124.20 , 55.04 ," 1,452.60 "
19-09-2019,546.51, 198.00 , 121.75 , 54.22 ," 1,464.75 "
18-09-2019,548.73, 197.95 , 122.00 , 55.65 ," 1,448.30 "
17-09-2019,547.61, 200.40 , 128.60 , 55.25 ," 1,474.95 "
16-09-2019,545.06, 200.35 , 129.55 , 55.77 ," 1,484.25 "
13-09-2019,546.31, 197.10 , 127.95 , 55.80 ," 1,457.55 "
12-09-2019,553.41, 193.45 , 134.35 , 52.44 ," 1,475.20 "
11-09-2019,552.2, 189.25 , 121.90 , 52.87 ," 1,471.30 "
09-09-2019,549.84, 188.40 , 121.25 , 55.80 ," 1,441.55 "
06-09-2019,547.99, 184.60 , 118.05 , 55.67 ," 1,410.15 "
05-09-2019,536.49, 181.65 , 109.50 , 55.76 ," 1,426.45 "
04-09-2019,520.54, 178.40 , 112.65 , 56.32 ," 1,414.30 "
03-09-2019,506.56, 184.45 , 116.70 , 55.98 ," 1,431.45 "
30-08-2019,511.5, 179.70 , 114.30 , 57.44 ," 1,450.85 "
29-08-2019,505.56, 178.40 , 116.35 , 57.79 ," 1,483.65 "
28-08-2019,502.42, 181.20 , 120.35 , 56.94 ," 1,501.55 "
27-08-2019,508.14, 178.75 , 110.55 , 56.88 ," 1,512.80 "
26-08-2019,513.44, 180.25 , 111.05 , 57.41 ," 1,470.20 "
23-08-2019,508.25, 176.55 , 107.70 , 56.93 ," 1,478.25 "
22-08-2019,509.08, 177.05 , 112.40 , 56.99 ," 1,505.75 "
21-08-2019,500.6, 179.40 , 123.85 , 57.00 ," 1,505.10 "
20-08-2019,510.92, 181.15 , 120.80 , 57.35 ," 1,496.35 "
19-08-2019,501.82, 179.80 , 121.35 , 58.17 ," 1,498.95 "
16-08-2019,498.51, 180.60 , 120.90 , 58.11 ," 1,491.80 "
14-08-2019,502.39, 176.25 , 121.95 , 56.52 ," 1,511.40 "
13-08-2019,511.27, 176.20 , 122.05 , 56.13 ," 1,532.10 "
09-08-2019,514.69, 181.05 , 124.05 , 54.29 ," 1,502.75 "
08-08-2019,514.39, 176.40 , 117.40 , 55.08 ," 1,476.30 "
07-08-2019,511.36, 180.70 , 122.50 , 54.89 ," 1,485.30 "
06-08-2019,511.24, 175.75 , 123.75 , 53.80 ," 1,460.10 "
05-08-2019,502.94, 180.40 , 130.70 , 52.84 ," 1,507.60 "
02-08-2019,505.84, 182.75 , 129.55 , 55.16 ," 1,495.80 "
01-08-2019,506.75, 190.55 , 135.60 , 55.41 ," 1,519.55 "
31-07-2019,514.92, 190.10 , 133.45 , 56.79 ," 1,498.70 "
30-07-2019,512, 193.25 , 137.55 , 56.52 ," 1,502.50 "
29-07-2019,530.79, 198.00 , 147.15 , 56.82 ," 1,511.85 "
26-07-2019,540.99, 196.75 , 144.30 , 58.27 ," 1,485.05 "
25-07-2019,530.82, 197.25 , 151.25 , 55.23 ," 1,497.20 "
24-07-2019,519.81, 203.10 , 156.20 , 52.60 ," 1,494.00 "
23-07-2019,519.87, 202.40 , 156.75 , 55.97 ," 1,454.30 "
22-07-2019,526.5, 196.00 , 154.85 , 53.38 ," 1,498.90 "
19-07-2019,522.63, 200.55 , 160.75 , 54.51 ," 1,538.25 "
18-07-2019,531.11, 203.45 , 167.90 , 55.90 ," 1,534.60 "
17-07-2019,533.26, 199.10 , 170.00 , 55.43 ," 1,501.45 "
16-07-2019,535.3, 200.15 , 160.95 , 56.02 ," 1,508.10 "
15-07-2019,525.52, 198.85 , 159.30 , 56.56 ," 1,483.65 "
12-07-2019,525.72, 198.45 , 156.80 , 57.16 ," 1,484.95 "
11-07-2019,530.61, 193.65 , 151.65 , 57.10 ," 1,475.85 "
10-07-2019,516.93, 197.90 , 155.80 , 56.51 ," 1,462.85 "
09-07-2019,519.77, 197.60 , 154.55 , 57.19 ," 1,475.30 "
08-07-2019,519.14, 198.90 , 160.20 , 56.89 ," 1,517.20 "
05-07-2019,520.19, 206.90 , 165.20 , 56.20 ," 1,497.80 "
04-07-2019,520.48, 208.70 , 162.30 , 56.78 ," 1,475.00 "
03-07-2019,519.34, 209.35 , 163.75 , 56.77 ," 1,471.50 "
02-07-2019,525.53, 208.90 , 168.00 , 56.88 ," 1,481.20 "
01-07-2019,530.97, 207.05 , 162.55 , 55.34 ," 1,477.10 "
28-06-2019,510.09, 206.10 , 165.85 , 56.11 ," 1,481.60 "
27-06-2019,513.12, 208.35 , 161.10 , 55.68 ," 1,490.60 "
26-06-2019,515.79, 202.50 , 160.45 , 55.17 ," 1,483.90 "
25-06-2019,507.21, 198.20 , 159.30 , 54.99 ," 1,470.60 "
24-06-2019,502.68, 197.65 , 158.90 , 55.45 ," 1,489.80 "
21-06-2019,510.31, 194.30 , 159.25 , 55.44 ," 1,518.35 "
20-06-2019,512.96, 190.05 , 154.65 , 53.82 ," 1,497.80 "
19-06-2019,510.17, 189.95 , 158.30 , 52.75 ," 1,461.85 "
18-06-2019,518.25, 193.60 , 158.75 , 53.52 ," 1,460.35 "
17-06-2019,510.83, 198.25 , 164.20 , 50.88 ," 1,473.85 "
14-06-2019,513.03, 199.65 , 167.40 , 55.10 ," 1,504.00 "
13-06-2019,517.65, 199.30 , 169.05 , 55.63 ," 1,483.50 "
12-06-2019,517.94, 199.60 , 170.75 , 55.83 ," 1,507.70 "
11-06-2019,521.17, 198.25 , 166.20 , 55.37 ," 1,502.60 "
10-06-2019,525.85, 194.80 , 169.50 , 55.82 ," 1,511.80 "
07-06-2019,516.14, 194.85 , 169.70 , 55.58 ," 1,514.25 "
06-06-2019,531.46, 197.80 , 173.25 , 55.59 ," 1,531.35 "
04-06-2019,533.07, 199.40 , 174.50 , 55.85 ," 1,531.25 "
03-06-2019,544.82, 197.00 , 172.60 , 56.01 ," 1,522.15 "
31-05-2019,535.67, 198.55 , 175.15 , 55.29 ," 1,535.35 "
30-05-2019,530.48, 199.30 , 176.35 , 54.57 ," 1,513.90 "
29-05-2019,522.15, 201.85 , 180.25 , 55.95 ," 1,511.00 "
28-05-2019,530.39, 200.60 , 181.35 , 56.13 ," 1,529.40 "
27-05-2019,531.6, 195.80 , 182.30 , 55.37 ," 1,511.70 "
24-05-2019,532.78, 191.75 , 175.15 , 55.11 ," 1,499.75 "
23-05-2019,527.46, 198.00 , 179.10 , 54.95 ," 1,495.25 "
22-05-2019,531.55, 196.00 , 176.80 , 55.25 ," 1,487.90 "
21-05-2019,533.4, 198.75 , 190.15 , 53.94 ," 1,502.55 "
20-05-2019,517.88, 191.70 , 176.85 , 53.85 ," 1,460.00 "
17-05-2019,549, 194.60 , 175.40 , 54.23 ," 1,413.15 "
16-05-2019,560.2, 190.65 , 169.45 , 55.03 ," 1,395.80 "
15-05-2019,562.71, 192.95 , 184.50 , 53.48 ," 1,382.95 "
14-05-2019,561.52, 192.20 , 180.75 , 52.39 ," 1,389.35 "
13-05-2019,560.55, 195.80 , 185.90 , 53.34 ," 1,398.15 "
10-05-2019,575.28, 198.15 , 186.35 , 54.07 ," 1,385.50 "
09-05-2019,580.12, 200.00 , 185.10 , 54.08 ," 1,402.20 "
08-05-2019,580.1, 200.45 , 190.95 , 53.87 ," 1,408.15 "
07-05-2019,588.49, 198.90 , 199.80 , 53.39 ," 1,410.40 "
06-05-2019,584.12, 205.10 , 209.45 , 53.35 ," 1,417.80 "
03-05-2019,581.49, 204.70 , 207.30 , 53.61 ," 1,406.35 "
02-05-2019,583.98, 206.05 , 214.30 , 52.34 ," 1,386.55 "
30-04-2019,586.75, 201.15 , 215.60 , 51.90 ," 1,379.25 "
26-04-2019,578.45, 196.55 , 221.85 , 49.47 ," 1,360.40 "
25-04-2019,584.98, 200.70 , 223.60 , 49.48 ," 1,366.75 "
24-04-2019,571.88, 200.35 , 231.65 , 49.57 ," 1,355.35 "
23-04-2019,564.43, 200.40 , 234.85 , 49.16 ," 1,356.70 "
22-04-2019,559.14, 207.20 , 236.25 , 49.20 ," 1,369.65 "
18-04-2019,559.82, 214.95 , 230.50 , 49.16 ," 1,386.40 "
16-04-2019,565.02, 212.75 , 231.75 , 49.92 ," 1,373.85 "
15-04-2019,558.56, 209.75 , 215.95 , 50.06 ," 1,343.45 "
12-04-2019,561.41, 211.30 , 218.20 , 50.36 ," 1,343.20 "
11-04-2019,562.35, 211.70 , 216.05 , 50.33 ," 1,349.90 "
10-04-2019,553, 217.15 , 205.90 , 50.95 ," 1,341.45 "
09-04-2019,550.66, 214.45 , 200.55 , 51.97 ," 1,343.25 "
08-04-2019,552.74, 215.40 , 205.15 , 51.58 ," 1,335.95 "
05-04-2019,550.87, 210.45 , 206.15 , 51.87 ," 1,322.90 "
04-04-2019,554.27, 215.95 , 201.35 , 52.98 ," 1,334.20 "
03-04-2019,553.04, 216.95 , 202.95 , 54.36 ," 1,339.45 "
02-04-2019,559.75, 215.90 , 187.35 , 53.79 ," 1,339.40 "
01-04-2019,558.96, 205.50 , 174.25 , 53.13 ," 1,334.50 "
29-03-2019,556.05, 202.35 , 170.55 , 51.36 ," 1,340.75 "
28-03-2019,543.44, 207.65 , 169.85 , 48.17 ," 1,332.85 "
27-03-2019,553.01, 208.50 , 173.10 , 48.17 ," 1,342.95 "
26-03-2019,556.47, 205.45 , 171.30 , 48.40 ," 1,308.65 "
25-03-2019,556.19, 209.10 , 175.40 , 47.65 ," 1,336.25 "
22-03-2019,550.26, 207.15 , 180.20 , 48.04 ," 1,351.60 "
20-03-2019,550.33, 202.35 , 182.85 , 48.56 ," 1,347.75 "
19-03-2019,541.74, 199.55 , 182.25 , 48.48 ," 1,343.65 "
18-03-2019,533.89, 199.05 , 180.00 , 48.15 ," 1,325.15 "
15-03-2019,531.78, 200.75 , 179.55 , 48.80 ," 1,268.95 "
14-03-2019,529.58, 202.30 , 181.70 , 48.07 ," 1,261.25 "
13-03-2019,531.17, 203.40 , 184.80 , 48.11 ," 1,263.35 "
12-03-2019,533.37, 201.05 , 181.85 , 48.52 ," 1,249.55 "
11-03-2019,525.23, 195.55 , 181.20 , 48.22 ," 1,238.90 "
08-03-2019,523.01, 200.60 , 189.30 , 47.80 ," 1,237.20 "
07-03-2019,536.15, 202.75 , 188.80 , 48.28 ," 1,241.30 "
06-03-2019,538.73, 198.75 , 194.05 , 48.59 ," 1,240.45 "
05-03-2019,530.82, 196.15 , 180.30 , 48.58 ," 1,225.95 "
01-03-2019,529.2, 195.75 , 177.45 , 48.01 ," 1,213.10 "
28-02-2019,526.33, 195.95 , 177.35 , 47.95 ," 1,216.15 "
27-02-2019,529.38, 196.50 , 182.65 , 47.21 ," 1,236.15 "
26-02-2019,529.56, 196.50 , 175.75 , 47.42 ," 1,240.95 "
25-02-2019,533.38, 196.45 , 174.30 , 46.81 ," 1,237.90 "
22-02-2019,527.9, 194.40 , 169.70 , 47.16 ," 1,289.15 "
21-02-2019,517.26, 193.00 , 164.80 , 47.84 ," 1,289.75 "
20-02-2019,505.03, 186.55 , 163.75 , 46.60 ," 1,280.45 "
19-02-2019,507.38, 184.55 , 162.90 , 46.50 ," 1,277.05 "
18-02-2019,513.11, 186.60 , 161.65 , 45.67 ," 1,283.65 "
15-02-2019,512.67, 191.75 , 159.85 , 44.91 ," 1,286.80 "
14-02-2019,533.45, 198.20 , 155.00 , 45.75 ," 1,298.30 "
13-02-2019,529.74, 198.35 , 151.80 , 45.20 ," 1,298.65 "
12-02-2019,530.5, 199.45 , 152.65 , 45.62 ," 1,301.55 "
11-02-2019,523.07, 205.90 , 150.70 , 47.09 ," 1,299.40 "
08-02-2019,553.94, 209.20 , 182.85 , 48.28 ," 1,284.55 "
07-02-2019,564.36, 211.40 , 178.50 , 48.46 ," 1,279.50 "
06-02-2019,557.94, 204.75 , 175.80 , 49.47 ," 1,279.15 "
05-02-2019,564.29, 204.20 , 180.25 , 47.11 ," 1,272.20 "
04-02-2019,547.04, 211.40 , 181.65 , 47.40 ," 1,255.70 "
01-02-2019,558.25, 208.50 , 181.20 , 49.39 ," 1,255.75 "
31-01-2019,544.16, 205.80 , 174.60 , 48.63 ," 1,222.20 "
30-01-2019,533.08, 199.55 , 173.60 , 47.99 ," 1,251.40 "
29-01-2019,533.29, 200.00 , 172.30 , 46.68 ," 1,260.45 "
28-01-2019,524.95, 204.45 , 173.25 , 46.20 ," 1,266.15 "
25-01-2019,534.48, 205.05 , 175.40 , 45.69 ," 1,267.75 "
24-01-2019,533.69, 205.45 , 180.25 , 45.34 ," 1,276.50 "
23-01-2019,529.35, 203.55 , 180.85 , 46.23 ," 1,291.75 "
22-01-2019,528.06, 207.65 , 181.50 , 47.06 ," 1,267.60 "
21-01-2019,519.96, 208.80 , 183.30 , 47.34 ," 1,240.20 "
18-01-2019,519.36, 206.00 , 184.90 , 48.40 ," 1,219.95 "
17-01-2019,523.83, 208.40 , 185.45 , 48.86 ," 1,202.75 "
16-01-2019,523.39, 208.50 , 185.35 , 48.80 ," 1,213.40 "
15-01-2019,518.96, 206.15 , 182.40 , 48.88 ," 1,211.75 "
14-01-2019,515.76, 205.85 , 180.30 , 48.56 ," 1,223.20 "
11-01-2019,517.63, 204.00 , 185.75 , 47.90 ," 1,219.55 "
10-01-2019,520.08, 205.70 , 183.05 , 48.62 ," 1,238.25 "
09-01-2019,520.62, 206.50 , 179.95 , 48.36 ," 1,228.90 "
08-01-2019,514.1, 208.55 , 175.35 , 48.14 ," 1,246.60 "
07-01-2019,511.73, 210.90 , 170.95 , 48.10 ," 1,247.95 "
04-01-2019,520, 209.20 , 166.05 , 47.84 ," 1,235.25 "
03-01-2019,515.47, 214.55 , 168.55 , 47.44 ," 1,240.60 "
02-01-2019,520.21, 222.75 , 173.45 , 47.14 ," 1,250.45 "
01-01-2019,521.41,,, 48.31 ,
